"No.","Time","Source","Destination","Protocol","Length","Info"
"1","0.000000","192.168.137.53","54.198.167.174","TCP","89","49676  >  9339 [PSH, ACK] Seq=1 Ack=1 Win=403 Len=23 TSval=11079471 TSecr=3390504181"
"2","0.071799","54.198.167.174","192.168.137.53","TCP","66","9339  >  49676 [ACK] Seq=1 Ack=24 Win=227 Len=0 TSval=3390505167 TSecr=11079471"
"3","0.072151","54.198.167.174","192.168.137.53","TCP","89","9339  >  49676 [PSH, ACK] Seq=1 Ack=24 Win=227 Len=23 TSval=3390505167 TSecr=11079471"
"4","0.090888","192.168.137.53","54.198.167.174","TCP","66","49676  >  9339 [ACK] Seq=24 Ack=24 Win=403 Len=0 TSval=11079521 TSecr=3390505167"
"5","0.948815","192.168.137.53","54.198.167.174","TCP","101","49676  >  9339 [PSH, ACK] Seq=24 Ack=24 Win=403 Len=35 TSval=11079777 TSecr=3390505167"
"6","1.065508","54.198.167.174","192.168.137.53","TCP","66","9339  >  49676 [ACK] Seq=24 Ack=59 Win=227 Len=0 TSval=3390505414 TSecr=11079777"
"7","4.769206","54.198.167.174","192.168.137.53","TCP","163","9339  >  49676 [PSH, ACK] Seq=24 Ack=59 Win=227 Len=97 TSval=3390506341 TSecr=11079777"
"8","4.882104","192.168.137.53","54.198.167.174","TCP","66","49676  >  9339 [ACK] Seq=59 Ack=121 Win=403 Len=0 TSval=11080958 TSecr=3390506341"
"9","4.934042","192.168.137.53","54.198.167.174","TCP","89","49676  >  9339 [PSH, ACK] Seq=59 Ack=121 Win=403 Len=23 TSval=11080974 TSecr=3390506341"
"10","5.005785","54.198.167.174","192.168.137.53","TCP","66","9339  >  49676 [ACK] Seq=121 Ack=82 Win=227 Len=0 TSval=3390506400 TSecr=11080974"
"11","5.005988","54.198.167.174","192.168.137.53","TCP","89","9339  >  49676 [PSH, ACK] Seq=121 Ack=82 Win=227 Len=23 TSval=3390506400 TSecr=11080974"
"12","5.107755","192.168.137.53","54.198.167.174","TCP","66","49676  >  9339 [ACK] Seq=82 Ack=144 Win=403 Len=0 TSval=11081026 TSecr=3390506400"
"13","6.027200","192.168.137.53","54.198.167.174","TCP","101","49676  >  9339 [PSH, ACK] Seq=82 Ack=144 Win=403 Len=35 TSval=11081279 TSecr=3390506400"
"14","6.138848","54.198.167.174","192.168.137.53","TCP","66","9339  >  49676 [ACK] Seq=144 Ack=117 Win=227 Len=0 TSval=3390506684 TSecr=11081279"
"15","9.945728","192.168.137.53","54.198.167.174","TCP","89","49676  >  9339 [PSH, ACK] Seq=117 Ack=144 Win=403 Len=23 TSval=11082478 TSecr=3390506684"
"16","10.017727","54.198.167.174","192.168.137.53","TCP","66","9339  >  49676 [ACK] Seq=144 Ack=140 Win=227 Len=0 TSval=3390507653 TSecr=11082478"
"17","10.018079","54.198.167.174","192.168.137.53","TCP","89","9339  >  49676 [PSH, ACK] Seq=144 Ack=140 Win=227 Len=23 TSval=3390507653 TSecr=11082478"
"18","10.100739","192.168.137.53","54.198.167.174","TCP","66","49676  >  9339 [ACK] Seq=140 Ack=167 Win=403 Len=0 TSval=11082524 TSecr=3390507653"
"19","10.226819","54.198.167.174","192.168.137.53","TCP","149","9339  >  49676 [PSH, ACK] Seq=167 Ack=140 Win=227 Len=83 TSval=3390507705 TSecr=11082524"
"20","10.305531","192.168.137.53","54.198.167.174","TCP","66","49676  >  9339 [ACK] Seq=140 Ack=250 Win=403 Len=0 TSval=11082586 TSecr=3390507705"
"21","10.962107","192.168.137.53","54.198.167.174","TCP","101","49676  >  9339 [PSH, ACK] Seq=140 Ack=250 Win=403 Len=35 TSval=11082782 TSecr=3390507705"
"22","11.071143","54.198.167.174","192.168.137.53","TCP","66","9339  >  49676 [ACK] Seq=250 Ack=175 Win=227 Len=0 TSval=3390507917 TSecr=11082782"
"23","15.034277","192.168.137.53","54.198.167.174","TCP","89","49676  >  9339 [PSH, ACK] Seq=175 Ack=250 Win=403 Len=23 TSval=11083981 TSecr=3390507917"
"24","15.108660","54.198.167.174","192.168.137.53","TCP","66","9339  >  49676 [ACK] Seq=250 Ack=198 Win=227 Len=0 TSval=3390508925 TSecr=11083981"
"25","15.109172","54.198.167.174","192.168.137.53","TCP","89","9339  >  49676 [PSH, ACK] Seq=250 Ack=198 Win=227 Len=23 TSval=3390508926 TSecr=11083981"
"26","15.144366","192.168.137.53","54.198.167.174","TCP","66","49676  >  9339 [ACK] Seq=198 Ack=273 Win=403 Len=0 TSval=11084037 TSecr=3390508926"
"27","16.060626","192.168.137.53","54.198.167.174","TCP","101","49676  >  9339 [PSH, ACK] Seq=198 Ack=273 Win=403 Len=35 TSval=11084287 TSecr=3390508926"
"28","16.170163","54.198.167.174","192.168.137.53","TCP","66","9339  >  49676 [ACK] Seq=273 Ack=233 Win=227 Len=0 TSval=3390509192 TSecr=11084287"
"29","20.043393","192.168.137.53","54.198.167.174","TCP","89","49676  >  9339 [PSH, ACK] Seq=233 Ack=273 Win=403 Len=23 TSval=11085483 TSecr=3390509192"
"30","20.119553","54.198.167.174","192.168.137.53","TCP","66","9339  >  49676 [ACK] Seq=273 Ack=256 Win=227 Len=0 TSval=3390510178 TSecr=11085483"
"31","20.119894","54.198.167.174","192.168.137.53","TCP","89","9339  >  49676 [PSH, ACK] Seq=273 Ack=256 Win=227 Len=23 TSval=3390510178 TSecr=11085483"
"32","20.160888","192.168.137.53","54.198.167.174","TCP","66","49676  >  9339 [ACK] Seq=256 Ack=296 Win=403 Len=0 TSval=11085542 TSecr=3390510178"
"33","21.060854","192.168.137.53","54.198.167.174","TCP","101","49676  >  9339 [PSH, ACK] Seq=256 Ack=296 Win=403 Len=35 TSval=11085788 TSecr=3390510178"
"34","21.170268","54.198.167.174","192.168.137.53","TCP","66","9339  >  49676 [ACK] Seq=296 Ack=291 Win=227 Len=0 TSval=3390510442 TSecr=11085788"
"35","22.692001","54.198.167.174","192.168.137.53","TCP","164","9339  >  49676 [PSH, ACK] Seq=296 Ack=291 Win=227 Len=98 TSval=3390510822 TSecr=11085788"
"36","22.719675","192.168.137.53","54.198.167.174","TCP","66","49676  >  9339 [ACK] Seq=291 Ack=394 Win=403 Len=0 TSval=11086310 TSecr=3390510822"
"37","25.048413","192.168.137.53","54.198.167.174","TCP","89","49676  >  9339 [PSH, ACK] Seq=291 Ack=394 Win=403 Len=23 TSval=11086984 TSecr=3390510822"
"38","25.120154","54.198.167.174","192.168.137.53","TCP","66","9339  >  49676 [ACK] Seq=394 Ack=314 Win=227 Len=0 TSval=3390511429 TSecr=11086984"
"39","25.120490","54.198.167.174","192.168.137.53","TCP","89","9339  >  49676 [PSH, ACK] Seq=394 Ack=314 Win=227 Len=23 TSval=3390511429 TSecr=11086984"
"40","25.178779","192.168.137.53","54.198.167.174","TCP","66","49676  >  9339 [ACK] Seq=314 Ack=417 Win=403 Len=0 TSval=11087048 TSecr=3390511429"
"41","26.066934","192.168.137.53","54.198.167.174","TCP","101","49676  >  9339 [PSH, ACK] Seq=314 Ack=417 Win=403 Len=35 TSval=11087289 TSecr=3390511429"
"42","26.178454","54.198.167.174","192.168.137.53","TCP","66","9339  >  49676 [ACK] Seq=417 Ack=349 Win=227 Len=0 TSval=3390511694 TSecr=11087289"
"43","28.539168","54.84.91.205","192.168.137.53","TLSv1.2","97","Encrypted Alert"
"44","28.539517","54.84.91.205","192.168.137.53","TCP","66","443  >  47808 [FIN, ACK] Seq=32 Ack=1 Win=132 Len=0 TSval=702052 TSecr=11070057"
"45","28.595896","192.168.137.53","54.84.91.205","TCP","66","47808  >  443 [ACK] Seq=1 Ack=33 Win=411 Len=0 TSval=11088073 TSecr=702052"
"46","30.064450","192.168.137.53","54.198.167.174","TCP","89","49676  >  9339 [PSH, ACK] Seq=349 Ack=417 Win=403 Len=23 TSval=11088487 TSecr=3390511694"
"47","30.135872","54.198.167.174","192.168.137.53","TCP","66","9339  >  49676 [ACK] Seq=417 Ack=372 Win=227 Len=0 TSval=3390512683 TSecr=11088487"
"48","30.136256","54.198.167.174","192.168.137.53","TCP","89","9339  >  49676 [PSH, ACK] Seq=417 Ack=372 Win=227 Len=23 TSval=3390512683 TSecr=11088487"
"49","30.196693","192.168.137.53","54.198.167.174","TCP","66","49676  >  9339 [ACK] Seq=372 Ack=440 Win=403 Len=0 TSval=11088553 TSecr=3390512683"
"50","31.078719","192.168.137.53","54.198.167.174","TCP","101","49676  >  9339 [PSH, ACK] Seq=372 Ack=440 Win=403 Len=35 TSval=11088794 TSecr=3390512683"
"51","31.190149","54.198.167.174","192.168.137.53","TCP","66","9339  >  49676 [ACK] Seq=440 Ack=407 Win=227 Len=0 TSval=3390512947 TSecr=11088794"
"52","32.628383","192.168.137.1","239.255.255.250","SSDP","216","M-SEARCH * HTTP/1.1 "
"53","33.629770","192.168.137.1","239.255.255.250","SSDP","216","M-SEARCH * HTTP/1.1 "
"54","34.630658","192.168.137.1","239.255.255.250","SSDP","216","M-SEARCH * HTTP/1.1 "
"55","34.988673","192.168.137.53","54.198.167.174","TCP","89","49676  >  9339 [PSH, ACK] Seq=407 Ack=440 Win=403 Len=23 TSval=11089990 TSecr=3390512947"
"56","35.061985","54.198.167.174","192.168.137.53","TCP","66","9339  >  49676 [ACK] Seq=440 Ack=430 Win=227 Len=0 TSval=3390513914 TSecr=11089990"
"57","35.062344","54.198.167.174","192.168.137.53","TCP","89","9339  >  49676 [PSH, ACK] Seq=440 Ack=430 Win=227 Len=23 TSval=3390513914 TSecr=11089990"
"58","35.112383","192.168.137.53","54.198.167.174","TCP","66","49676  >  9339 [ACK] Seq=430 Ack=463 Win=403 Len=0 TSval=11090028 TSecr=3390513914"
"59","35.630888","192.168.137.1","239.255.255.250","SSDP","216","M-SEARCH * HTTP/1.1 "
"60","36.008613","192.168.137.53","54.198.167.174","TCP","101","49676  >  9339 [PSH, ACK] Seq=430 Ack=463 Win=403 Len=35 TSval=11090296 TSecr=3390513914"
"61","36.119093","54.198.167.174","192.168.137.53","TCP","66","9339  >  49676 [ACK] Seq=463 Ack=465 Win=227 Len=0 TSval=3390514179 TSecr=11090296"
"62","40.076595","192.168.137.53","54.198.167.174","TCP","89","49676  >  9339 [PSH, ACK] Seq=465 Ack=463 Win=403 Len=23 TSval=11091493 TSecr=3390514179"
"63","40.150132","54.198.167.174","192.168.137.53","TCP","66","9339  >  49676 [ACK] Seq=463 Ack=488 Win=227 Len=0 TSval=3390515186 TSecr=11091493"
"64","40.150517","54.198.167.174","192.168.137.53","TCP","89","9339  >  49676 [PSH, ACK] Seq=463 Ack=488 Win=227 Len=23 TSval=3390515186 TSecr=11091493"
"65","40.231758","192.168.137.53","54.198.167.174","TCP","66","49676  >  9339 [ACK] Seq=488 Ack=486 Win=403 Len=0 TSval=11091564 TSecr=3390515186"
"66","41.017887","192.168.137.53","54.198.167.174","TCP","101","49676  >  9339 [PSH, ACK] Seq=488 Ack=486 Win=403 Len=35 TSval=11091799 TSecr=3390515186"
"67","41.127700","54.198.167.174","192.168.137.53","TCP","66","9339  >  49676 [ACK] Seq=486 Ack=523 Win=227 Len=0 TSval=3390515431 TSecr=11091799"
"68","41.423575","192.168.137.1","224.0.0.251","MDNS","483","Standard query response 0x0000 TXT, cache flush PTR _nvstream_dbd._tcp.local PTR 3.9.0.97-DESKTOP-5OTFDPV.2b65c40b-e5b2-4cf5-a707-10b0dde7f125._nvstream_dbd._tcp.local SRV, cache flush 0 0 47989 DESKTOP-5OTFDPV.local PTR, cache flush DESKTOP-5OTFDPV.local PTR, cache flush DESKTOP-5OTFDPV.local A, cache flush 192.168.137.1 AAAA, cache flush fe80::7df4:d80f:f648:88ee NSEC, cache flush 3.9.0.97-DESKTOP-5OTFDPV.2b65c40b-e5b2-4cf5-a707-10b0dde7f125._nvstream_dbd._tcp.local NSEC, cache flush 1.137.168.192.in-addr.arpa NSEC, cache flush E.E.8.8.8.4.6.F.F.0.8.D.4.F.D.7.0.0.0.0.0.0.0.0.0.0.0.0.0.8.E.F.ip6.arpa NSEC, cache flush DESKTOP-5OTFDPV.local"
"69","45.077298","192.168.137.53","54.198.167.174","TCP","89","49676  >  9339 [PSH, ACK] Seq=523 Ack=486 Win=403 Len=23 TSval=11092994 TSecr=3390515431"
"70","45.148634","54.198.167.174","192.168.137.53","TCP","66","9339  >  49676 [ACK] Seq=486 Ack=546 Win=227 Len=0 TSval=3390516436 TSecr=11092994"
"71","45.148797","54.198.167.174","192.168.137.53","TCP","89","9339  >  49676 [PSH, ACK] Seq=486 Ack=546 Win=227 Len=23 TSval=3390516436 TSecr=11092994"
"72","45.249553","192.168.137.53","54.198.167.174","TCP","66","49676  >  9339 [ACK] Seq=546 Ack=509 Win=403 Len=0 TSval=11093069 TSecr=3390516436"
"73","46.098310","192.168.137.53","54.198.167.174","TCP","101","49676  >  9339 [PSH, ACK] Seq=546 Ack=509 Win=403 Len=35 TSval=11093299 TSecr=3390516436"
"74","46.206508","54.198.167.174","192.168.137.53","TCP","66","9339  >  49676 [ACK] Seq=509 Ack=581 Win=227 Len=0 TSval=3390516701 TSecr=11093299"
"75","50.002688","192.168.137.53","54.198.167.174","TCP","89","49676  >  9339 [PSH, ACK] Seq=581 Ack=509 Win=403 Len=23 TSval=11094494 TSecr=3390516701"
"76","50.075272","54.198.167.174","192.168.137.53","TCP","66","9339  >  49676 [ACK] Seq=509 Ack=604 Win=227 Len=0 TSval=3390517668 TSecr=11094494"
"77","50.075621","54.198.167.174","192.168.137.53","TCP","89","9339  >  49676 [PSH, ACK] Seq=509 Ack=604 Win=227 Len=23 TSval=3390517668 TSecr=11094494"
"78","50.164386","192.168.137.53","54.198.167.174","TCP","66","49676  >  9339 [ACK] Seq=604 Ack=532 Win=403 Len=0 TSval=11094543 TSecr=3390517668"
"79","51.111138","192.168.137.53","54.198.167.174","TCP","101","49676  >  9339 [PSH, ACK] Seq=604 Ack=532 Win=403 Len=35 TSval=11094803 TSecr=3390517668"
"80","51.222098","54.198.167.174","192.168.137.53","TCP","66","9339  >  49676 [ACK] Seq=532 Ack=639 Win=227 Len=0 TSval=3390517955 TSecr=11094803"
"81","55.078971","192.168.137.53","54.198.167.174","TCP","89","49676  >  9339 [PSH, ACK] Seq=639 Ack=532 Win=403 Len=23 TSval=11095995 TSecr=3390517955"
"82","55.155690","54.198.167.174","192.168.137.53","TCP","66","9339  >  49676 [ACK] Seq=532 Ack=662 Win=227 Len=0 TSval=3390518937 TSecr=11095995"
"83","55.156037","54.198.167.174","192.168.137.53","TCP","89","9339  >  49676 [PSH, ACK] Seq=532 Ack=662 Win=227 Len=23 TSval=3390518937 TSecr=11095995"
"84","55.181992","192.168.137.53","54.198.167.174","TCP","66","49676  >  9339 [ACK] Seq=662 Ack=555 Win=403 Len=0 TSval=11096049 TSecr=3390518937"
"85","56.023483","192.168.137.53","54.198.167.174","TCP","101","49676  >  9339 [PSH, ACK] Seq=662 Ack=555 Win=403 Len=35 TSval=11096300 TSecr=3390518937"
"86","56.135306","54.198.167.174","192.168.137.53","TCP","66","9339  >  49676 [ACK] Seq=555 Ack=697 Win=227 Len=0 TSval=3390519183 TSecr=11096300"
"87","60.098372","192.168.137.53","54.198.167.174","TCP","89","49676  >  9339 [PSH, ACK] Seq=697 Ack=555 Win=403 Len=23 TSval=11097500 TSecr=3390519183"
"88","60.171934","54.198.167.174","192.168.137.53","TCP","66","9339  >  49676 [ACK] Seq=555 Ack=720 Win=227 Len=0 TSval=3390520192 TSecr=11097500"
"89","60.172330","54.198.167.174","192.168.137.53","TCP","89","9339  >  49676 [PSH, ACK] Seq=555 Ack=720 Win=227 Len=23 TSval=3390520192 TSecr=11097500"
"90","60.199672","192.168.137.53","54.198.167.174","TCP","66","49676  >  9339 [ACK] Seq=720 Ack=578 Win=403 Len=0 TSval=11097554 TSecr=3390520192"
"91","61.116685","192.168.137.53","54.198.167.174","TCP","101","49676  >  9339 [PSH, ACK] Seq=720 Ack=578 Win=403 Len=35 TSval=11097805 TSecr=3390520192"
"92","61.225587","54.198.167.174","192.168.137.53","TCP","66","9339  >  49676 [ACK] Seq=578 Ack=755 Win=227 Len=0 TSval=3390520456 TSecr=11097805"
"93","65.107605","192.168.137.53","54.198.167.174","TCP","89","49676  >  9339 [PSH, ACK] Seq=755 Ack=578 Win=403 Len=23 TSval=11099004 TSecr=3390520456"
"94","65.181100","54.198.167.174","192.168.137.53","TCP","66","9339  >  49676 [ACK] Seq=578 Ack=778 Win=227 Len=0 TSval=3390521444 TSecr=11099004"
"95","65.181459","54.198.167.174","192.168.137.53","TCP","89","9339  >  49676 [PSH, ACK] Seq=578 Ack=778 Win=227 Len=23 TSval=3390521444 TSecr=11099004"
"96","65.217173","192.168.137.53","54.198.167.174","TCP","66","49676  >  9339 [ACK] Seq=778 Ack=601 Win=403 Len=0 TSval=11099059 TSecr=3390521444"
"97","66.145501","192.168.137.53","54.198.167.174","TCP","101","49676  >  9339 [PSH, ACK] Seq=778 Ack=601 Win=403 Len=35 TSval=11099314 TSecr=3390521444"
"98","66.253477","54.198.167.174","192.168.137.53","TCP","66","9339  >  49676 [ACK] Seq=601 Ack=813 Win=227 Len=0 TSval=3390521713 TSecr=11099314"
"99","70.132925","192.168.137.53","54.198.167.174","TCP","89","49676  >  9339 [PSH, ACK] Seq=813 Ack=601 Win=403 Len=23 TSval=11100508 TSecr=3390521713"
"100","70.204672","54.198.167.174","192.168.137.53","TCP","66","9339  >  49676 [ACK] Seq=601 Ack=836 Win=227 Len=0 TSval=3390522700 TSecr=11100508"
"101","70.205036","54.198.167.174","192.168.137.53","TCP","89","9339  >  49676 [PSH, ACK] Seq=601 Ack=836 Win=227 Len=23 TSval=3390522700 TSecr=11100508"
"102","70.276771","192.168.137.53","54.198.167.174","TCP","66","49676  >  9339 [ACK] Seq=836 Ack=624 Win=403 Len=0 TSval=11100577 TSecr=3390522700"
"103","71.147205","192.168.137.53","54.198.167.174","TCP","101","49676  >  9339 [PSH, ACK] Seq=836 Ack=624 Win=403 Len=35 TSval=11100813 TSecr=3390522700"
"104","71.258263","54.198.167.174","192.168.137.53","TCP","66","9339  >  49676 [ACK] Seq=624 Ack=871 Win=227 Len=0 TSval=3390522964 TSecr=11100813"
"105","75.138001","192.168.137.53","54.198.167.174","TCP","89","49676  >  9339 [PSH, ACK] Seq=871 Ack=624 Win=403 Len=23 TSval=11102012 TSecr=3390522964"
"106","75.211906","54.198.167.174","192.168.137.53","TCP","66","9339  >  49676 [ACK] Seq=624 Ack=894 Win=227 Len=0 TSval=3390523951 TSecr=11102012"
"107","75.212213","54.198.167.174","192.168.137.53","TCP","89","9339  >  49676 [PSH, ACK] Seq=624 Ack=894 Win=227 Len=23 TSval=3390523951 TSecr=11102012"
"108","75.252512","192.168.137.53","54.198.167.174","TCP","66","49676  >  9339 [ACK] Seq=894 Ack=647 Win=403 Len=0 TSval=11102070 TSecr=3390523951"
"109","75.871665","54.198.167.174","192.168.137.53","TCP","89","[TCP Spurious Retransmission] 9339  >  49676 [PSH, ACK] Seq=624 Ack=894 Win=227 Len=23 TSval=3390524117 TSecr=11102012"
"110","76.049330","192.168.137.53","54.198.167.174","TCP","78","[TCP Dup ACK 108#1] 49676  >  9339 [ACK] Seq=894 Ack=647 Win=403 Len=0 TSval=11102309 TSecr=3390524117 SLE=624 SRE=647"
"111","76.076938","192.168.137.53","54.198.167.174","TCP","101","49676  >  9339 [PSH, ACK] Seq=894 Ack=647 Win=403 Len=35 TSval=11102317 TSecr=3390524117"
"112","76.192041","54.198.167.174","192.168.137.53","TCP","66","9339  >  49676 [ACK] Seq=647 Ack=929 Win=227 Len=0 TSval=3390524197 TSecr=11102317"
"113","80.148975","192.168.137.53","54.198.167.174","TCP","89","49676  >  9339 [PSH, ACK] Seq=929 Ack=647 Win=403 Len=23 TSval=11103515 TSecr=3390524197"
"114","80.222020","54.198.167.174","192.168.137.53","TCP","66","9339  >  49676 [ACK] Seq=647 Ack=952 Win=227 Len=0 TSval=3390525204 TSecr=11103515"
"115","80.222385","54.198.167.174","192.168.137.53","TCP","89","9339  >  49676 [PSH, ACK] Seq=647 Ack=952 Win=227 Len=23 TSval=3390525204 TSecr=11103515"
"116","80.269466","192.168.137.53","54.198.167.174","TCP","66","49676  >  9339 [ACK] Seq=952 Ack=670 Win=403 Len=0 TSval=11103575 TSecr=3390525204"
"117","80.760085","192.168.137.53","54.198.167.174","TCP","137","49676  >  9339 [PSH, ACK] Seq=952 Ack=670 Win=403 Len=71 TSval=11103721 TSecr=3390525204"
"118","80.873196","54.198.167.174","192.168.137.53","TCP","66","9339  >  49676 [ACK] Seq=670 Ack=1023 Win=227 Len=0 TSval=3390525367 TSecr=11103721"
"119","85.153665","192.168.137.53","54.198.167.174","TCP","89","49676  >  9339 [PSH, ACK] Seq=1023 Ack=670 Win=403 Len=23 TSval=11105015 TSecr=3390525367"
"120","85.229092","54.198.167.174","192.168.137.53","TCP","66","9339  >  49676 [ACK] Seq=670 Ack=1046 Win=227 Len=0 TSval=3390526456 TSecr=11105015"
"121","85.229443","54.198.167.174","192.168.137.53","TCP","89","9339  >  49676 [PSH, ACK] Seq=670 Ack=1046 Win=227 Len=23 TSval=3390526456 TSecr=11105015"
"122","85.287360","192.168.137.53","54.198.167.174","TCP","66","49676  >  9339 [ACK] Seq=1046 Ack=693 Win=403 Len=0 TSval=11105080 TSecr=3390526456"
"123","86.912889","192.168.137.53","54.198.167.174","TCP","113","49676  >  9339 [PSH, ACK] Seq=1046 Ack=693 Win=403 Len=47 TSval=11105567 TSecr=3390526456"
"124","87.031784","54.198.167.174","192.168.137.53","TCP","66","9339  >  49676 [ACK] Seq=693 Ack=1093 Win=227 Len=0 TSval=3390526906 TSecr=11105567"
"125","90.092147","192.168.137.53","54.198.167.174","TCP","89","49676  >  9339 [PSH, ACK] Seq=1093 Ack=693 Win=403 Len=23 TSval=11106520 TSecr=3390526906"
"126","90.164502","54.198.167.174","192.168.137.53","TCP","66","9339  >  49676 [ACK] Seq=693 Ack=1116 Win=227 Len=0 TSval=3390527690 TSecr=11106520"
"127","90.164642","54.198.167.174","192.168.137.53","TCP","89","9339  >  49676 [PSH, ACK] Seq=693 Ack=1116 Win=227 Len=23 TSval=3390527690 TSecr=11106520"
"128","90.201454","192.168.137.53","54.198.167.174","TCP","66","49676  >  9339 [ACK] Seq=1116 Ack=716 Win=403 Len=0 TSval=11106553 TSecr=3390527690"
"129","91.107545","192.168.137.53","54.198.167.174","TCP","101","49676  >  9339 [PSH, ACK] Seq=1116 Ack=716 Win=403 Len=35 TSval=11106826 TSecr=3390527690"
"130","91.217403","54.198.167.174","192.168.137.53","TCP","66","9339  >  49676 [ACK] Seq=716 Ack=1151 Win=227 Len=0 TSval=3390527954 TSecr=11106826"
"131","95.173618","192.168.137.53","54.198.167.174","TCP","89","49676  >  9339 [PSH, ACK] Seq=1151 Ack=716 Win=403 Len=23 TSval=11108022 TSecr=3390527954"
"132","95.244879","54.198.167.174","192.168.137.53","TCP","66","9339  >  49676 [ACK] Seq=716 Ack=1174 Win=227 Len=0 TSval=3390528960 TSecr=11108022"
"133","95.245243","54.198.167.174","192.168.137.53","TCP","89","9339  >  49676 [PSH, ACK] Seq=716 Ack=1174 Win=227 Len=23 TSval=3390528960 TSecr=11108022"
"134","95.321871","192.168.137.53","54.198.167.174","TCP","66","49676  >  9339 [ACK] Seq=1174 Ack=739 Win=403 Len=0 TSval=11108091 TSecr=3390528960"
"135","96.277843","192.168.137.53","54.198.167.174","TCP","129","49676  >  9339 [PSH, ACK] Seq=1174 Ack=739 Win=403 Len=63 TSval=11108345 TSecr=3390528960"
"136","96.389209","54.198.167.174","192.168.137.53","TCP","66","9339  >  49676 [ACK] Seq=739 Ack=1237 Win=227 Len=0 TSval=3390529247 TSecr=11108345"
"137","100.180678","192.168.137.53","54.198.167.174","TCP","89","49676  >  9339 [PSH, ACK] Seq=1237 Ack=739 Win=403 Len=23 TSval=11109524 TSecr=3390529247"
"138","100.252766","54.198.167.174","192.168.137.53","TCP","66","9339  >  49676 [ACK] Seq=739 Ack=1260 Win=227 Len=0 TSval=3390530212 TSecr=11109524"
"139","100.253176","54.198.167.174","192.168.137.53","TCP","89","9339  >  49676 [PSH, ACK] Seq=739 Ack=1260 Win=227 Len=23 TSval=3390530212 TSecr=11109524"
"140","100.342502","192.168.137.53","54.198.167.174","TCP","66","49676  >  9339 [ACK] Seq=1260 Ack=762 Win=403 Len=0 TSval=11109596 TSecr=3390530212"
"141","101.200826","192.168.137.53","54.198.167.174","TCP","101","49676  >  9339 [PSH, ACK] Seq=1260 Ack=762 Win=403 Len=35 TSval=11109831 TSecr=3390530212"
"142","101.310824","54.198.167.174","192.168.137.53","TCP","66","9339  >  49676 [ACK] Seq=762 Ack=1295 Win=227 Len=0 TSval=3390530477 TSecr=11109831"
"143","103.047546","192.168.137.53","54.198.167.174","TCP","114","49676  >  9339 [PSH, ACK] Seq=1295 Ack=762 Win=403 Len=48 TSval=11110385 TSecr=3390530477"
"144","103.119563","54.198.167.174","192.168.137.53","TCP","66","9339  >  49676 [ACK] Seq=762 Ack=1343 Win=227 Len=0 TSval=3390530929 TSecr=11110385"
"145","105.112586","192.168.137.53","54.198.167.174","TCP","89","49676  >  9339 [PSH, ACK] Seq=1343 Ack=762 Win=403 Len=23 TSval=11111027 TSecr=3390530929"
"146","105.186041","54.198.167.174","192.168.137.53","TCP","66","9339  >  49676 [ACK] Seq=762 Ack=1366 Win=227 Len=0 TSval=3390531445 TSecr=11111027"
"147","105.186404","54.198.167.174","192.168.137.53","TCP","89","9339  >  49676 [PSH, ACK] Seq=762 Ack=1366 Win=227 Len=23 TSval=3390531445 TSecr=11111027"
"148","105.256255","192.168.137.53","54.198.167.174","TCP","66","49676  >  9339 [ACK] Seq=1366 Ack=785 Win=403 Len=0 TSval=11111071 TSecr=3390531445"
"149","106.217464","192.168.137.53","54.198.167.174","TCP","101","49676  >  9339 [PSH, ACK] Seq=1366 Ack=785 Win=403 Len=35 TSval=11111336 TSecr=3390531445"
"150","106.325116","54.198.167.174","192.168.137.53","TCP","66","9339  >  49676 [ACK] Seq=785 Ack=1401 Win=227 Len=0 TSval=3390531731 TSecr=11111336"
"151","110.205653","192.168.137.53","54.198.167.174","TCP","89","49676  >  9339 [PSH, ACK] Seq=1401 Ack=785 Win=403 Len=23 TSval=11112530 TSecr=3390531731"
"152","110.277382","54.198.167.174","192.168.137.53","TCP","66","9339  >  49676 [ACK] Seq=785 Ack=1424 Win=227 Len=0 TSval=3390532718 TSecr=11112530"
"153","110.277647","54.198.167.174","192.168.137.53","TCP","89","9339  >  49676 [PSH, ACK] Seq=785 Ack=1424 Win=227 Len=23 TSval=3390532718 TSecr=11112530"
"154","110.376407","192.168.137.53","54.198.167.174","TCP","66","49676  >  9339 [ACK] Seq=1424 Ack=808 Win=403 Len=0 TSval=11112607 TSecr=3390532718"
"155","111.291285","192.168.137.53","54.198.167.174","TCP","101","49676  >  9339 [PSH, ACK] Seq=1424 Ack=808 Win=403 Len=35 TSval=11112881 TSecr=3390532718"
"156","111.322867","192.168.137.53","54.192.142.80","TLSv1.2","194","Application Data"
"157","111.322868","192.168.137.53","54.192.142.80","TLSv1.2","112","Application Data"
"158","111.338273","54.192.142.80","192.168.137.53","TCP","78","443  >  47802 [ACK] Seq=1 Ack=1 Win=168 Len=0 TSval=3596994555 TSecr=11066947 SLE=129 SRE=175"
"159","111.338470","54.192.142.80","192.168.137.53","TCP","66","443  >  47802 [ACK] Seq=1 Ack=175 Win=172 Len=0 TSval=3596994555 TSecr=11112891"
"160","111.339040","54.192.142.80","192.168.137.53","TLSv1.2","112","Application Data"
"161","111.342461","54.192.142.80","192.168.137.53","TCP","1514","443  >  47802 [ACK] Seq=47 Ack=175 Win=172 Len=1448 TSval=3596994556 TSecr=11112891 [TCP segment of a reassembled PDU]"
"162","111.342640","54.192.142.80","192.168.137.53","TCP","1514","443  >  47802 [ACK] Seq=1495 Ack=175 Win=172 Len=1448 TSval=3596994556 TSecr=11112891 [TCP segment of a reassembled PDU]"
"163","111.342809","54.192.142.80","192.168.137.53","TLSv1.2","408","Application Data, Application Data"
"164","111.362390","192.168.137.53","54.192.142.80","TLSv1.2","205","Application Data"
"165","111.363685","192.168.137.53","54.192.142.80","TLSv1.2","246","Application Data"
"166","111.363686","192.168.137.53","54.192.142.80","TCP","66","47802  >  443 [ACK] Seq=494 Ack=1495 Win=818 Len=0 TSval=11112904 TSecr=3596994555"
"167","111.365122","192.168.137.53","54.192.142.80","TCP","66","47802  >  443 [ACK] Seq=494 Ack=3285 Win=840 Len=0 TSval=11112904 TSecr=3596994556"
"168","111.367690","192.168.137.53","54.192.142.80","TLSv1.2","248","Application Data"
"169","111.367691","192.168.137.53","54.192.142.80","TLSv1.2","241","Application Data"
"170","111.377147","54.192.142.80","192.168.137.53","TCP","66","443  >  47802 [ACK] Seq=3285 Ack=494 Win=181 Len=0 TSval=3596994559 TSecr=11112903"
"171","111.379168","54.192.142.80","192.168.137.53","TLSv1.2","396","Application Data"
"172","111.384328","192.168.137.53","54.192.142.80","TLSv1.2","108","Application Data"
"173","111.387558","54.192.142.80","192.168.137.53","TCP","1514","443  >  47802 [ACK] Seq=3615 Ack=494 Win=181 Len=1448 TSval=3596994560 TSecr=11112904 [TCP segment of a reassembled PDU]"
"174","111.387764","54.192.142.80","192.168.137.53","TCP","1514","443  >  47802 [ACK] Seq=5063 Ack=494 Win=181 Len=1448 TSval=3596994560 TSecr=11112904 [TCP segment of a reassembled PDU]"
"175","111.387882","54.192.142.80","192.168.137.53","TCP","1514","443  >  47802 [ACK] Seq=6511 Ack=494 Win=181 Len=1448 TSval=3596994560 TSecr=11112904 [TCP segment of a reassembled PDU]"
"176","111.387998","54.192.142.80","192.168.137.53","TCP","1514","443  >  47802 [ACK] Seq=7959 Ack=494 Win=181 Len=1448 TSval=3596994560 TSecr=11112904 [TCP segment of a reassembled PDU]"
"177","111.388144","54.192.142.80","192.168.137.53","TCP","1514","443  >  47802 [ACK] Seq=9407 Ack=494 Win=181 Len=1448 TSval=3596994560 TSecr=11112904 [TCP segment of a reassembled PDU]"
"178","111.388252","54.192.142.80","192.168.137.53","TCP","1514","443  >  47802 [ACK] Seq=10855 Ack=494 Win=181 Len=1448 TSval=3596994560 TSecr=11112904 [TCP segment of a reassembled PDU]"
"179","111.388360","54.192.142.80","192.168.137.53","TCP","1514","443  >  47802 [ACK] Seq=12303 Ack=494 Win=181 Len=1448 TSval=3596994560 TSecr=11112904 [TCP segment of a reassembled PDU]"
"180","111.388477","54.192.142.80","192.168.137.53","TCP","1514","443  >  47802 [ACK] Seq=13751 Ack=494 Win=181 Len=1448 TSval=3596994560 TSecr=11112904 [TCP segment of a reassembled PDU]"
"181","111.388553","54.192.142.80","192.168.137.53","TCP","1514","443  >  47802 [ACK] Seq=15199 Ack=494 Win=181 Len=1448 TSval=3596994560 TSecr=11112904 [TCP segment of a reassembled PDU]"
"182","111.388640","54.192.142.80","192.168.137.53","TCP","1514","443  >  47802 [ACK] Seq=16647 Ack=494 Win=181 Len=1448 TSval=3596994560 TSecr=11112904 [TCP segment of a reassembled PDU]"
"183","111.388738","54.192.142.80","192.168.137.53","TCP","1514","443  >  47802 [ACK] Seq=18095 Ack=494 Win=181 Len=1448 TSval=3596994560 TSecr=11112904 [TCP segment of a reassembled PDU]"
"184","111.388826","54.192.142.80","192.168.137.53","TLSv1.2","1514","Application Data [TCP segment of a reassembled PDU]"
"185","111.388890","54.192.142.80","192.168.137.53","TCP","66","443  >  47802 [ACK] Seq=20991 Ack=851 Win=189 Len=0 TSval=3596994560 TSecr=11112905"
"186","111.390320","54.192.142.80","192.168.137.53","TCP","1514","443  >  47802 [ACK] Seq=20991 Ack=851 Win=189 Len=1448 TSval=3596994560 TSecr=11112905 [TCP segment of a reassembled PDU]"
"187","111.390466","54.192.142.80","192.168.137.53","TCP","1514","443  >  47802 [ACK] Seq=22439 Ack=851 Win=189 Len=1448 TSval=3596994560 TSecr=11112905 [TCP segment of a reassembled PDU]"
"188","111.391444","192.168.137.53","54.192.142.80","TCP","66","47802  >  443 [ACK] Seq=893 Ack=6511 Win=874 Len=0 TSval=11112912 TSecr=3596994560"
"189","111.391445","192.168.137.53","54.192.142.80","TCP","66","47802  >  443 [ACK] Seq=893 Ack=9407 Win=897 Len=0 TSval=11112912 TSecr=3596994560"
"190","111.391445","192.168.137.53","54.192.142.80","TCP","66","47802  >  443 [ACK] Seq=893 Ack=12303 Win=920 Len=0 TSval=11112912 TSecr=3596994560"
"191","111.391445","192.168.137.53","54.192.142.80","TCP","66","47802  >  443 [ACK] Seq=893 Ack=15199 Win=942 Len=0 TSval=11112912 TSecr=3596994560"
"192","111.392848","54.192.142.80","192.168.137.53","TCP","1514","443  >  47802 [ACK] Seq=23887 Ack=851 Win=189 Len=1448 TSval=3596994560 TSecr=11112905 [TCP segment of a reassembled PDU]"
"193","111.393517","54.192.142.80","192.168.137.53","TCP","1514","443  >  47802 [ACK] Seq=25335 Ack=851 Win=189 Len=1448 TSval=3596994560 TSecr=11112905 [TCP segment of a reassembled PDU]"
"194","111.394200","192.168.137.53","54.192.142.80","TCP","66","47802  >  443 [ACK] Seq=893 Ack=18095 Win=965 Len=0 TSval=11112912 TSecr=3596994560"
"195","111.394201","192.168.137.53","54.192.142.80","TCP","66","47802  >  443 [ACK] Seq=893 Ack=20991 Win=987 Len=0 TSval=11112912 TSecr=3596994560"
"196","111.394202","192.168.137.53","54.192.142.80","TCP","66","47802  >  443 [ACK] Seq=893 Ack=23887 Win=1010 Len=0 TSval=11112913 TSecr=3596994560"
"197","111.397593","192.168.137.53","54.192.142.80","TCP","66","47802  >  443 [ACK] Seq=893 Ack=26783 Win=1033 Len=0 TSval=11112914 TSecr=3596994560"
"198","111.399009","54.192.142.80","192.168.137.53","TCP","1514","443  >  47802 [ACK] Seq=26783 Ack=851 Win=189 Len=1448 TSval=3596994560 TSecr=11112905 [TCP segment of a reassembled PDU]"
"199","111.399334","54.192.142.80","192.168.137.53","TCP","1514","443  >  47802 [ACK] Seq=28231 Ack=851 Win=189 Len=1448 TSval=3596994560 TSecr=11112905 [TCP segment of a reassembled PDU]"
"200","111.399588","54.192.142.80","192.168.137.53","TCP","1514","443  >  47802 [ACK] Seq=29679 Ack=851 Win=189 Len=1448 TSval=3596994561 TSecr=11112905 [TCP segment of a reassembled PDU]"
"201","111.399826","54.192.142.80","192.168.137.53","TCP","1514","443  >  47802 [ACK] Seq=31127 Ack=851 Win=189 Len=1448 TSval=3596994561 TSecr=11112905 [TCP segment of a reassembled PDU]"
"202","111.400908","54.198.167.174","192.168.137.53","TCP","66","9339  >  49676 [ACK] Seq=808 Ack=1459 Win=227 Len=0 TSval=3390533000 TSecr=11112881"
"203","111.402856","192.168.137.53","54.192.142.80","TCP","66","47802  >  443 [ACK] Seq=893 Ack=29679 Win=1055 Len=0 TSval=11112915 TSecr=3596994560"
"204","111.402857","192.168.137.53","54.192.142.80","TCP","66","47802  >  443 [ACK] Seq=893 Ack=32575 Win=1078 Len=0 TSval=11112915 TSecr=3596994561"
"205","111.403778","54.192.142.80","192.168.137.53","TCP","1514","443  >  47802 [ACK] Seq=32575 Ack=851 Win=189 Len=1448 TSval=3596994561 TSecr=11112905 [TCP segment of a reassembled PDU]"
"206","111.404076","54.192.142.80","192.168.137.53","TCP","1514","443  >  47802 [ACK] Seq=34023 Ack=851 Win=189 Len=1448 TSval=3596994561 TSecr=11112905 [TCP segment of a reassembled PDU]"
"207","111.404325","54.192.142.80","192.168.137.53","TLSv1.2","1514","Application Data [TCP segment of a reassembled PDU]"
"208","111.404579","54.192.142.80","192.168.137.53","TCP","1514","443  >  47802 [ACK] Seq=36919 Ack=893 Win=189 Len=1448 TSval=3596994561 TSecr=11112910 [TCP segment of a reassembled PDU]"
"209","111.404791","192.168.137.53","54.192.142.80","TLSv1.2","251","Application Data"
"210","111.406469","54.192.142.80","192.168.137.53","TCP","1514","443  >  47802 [ACK] Seq=38367 Ack=893 Win=189 Len=1448 TSval=3596994562 TSecr=11112910 [TCP segment of a reassembled PDU]"
"211","111.408579","192.168.137.53","54.192.142.80","TCP","66","47802  >  443 [ACK] Seq=1078 Ack=35471 Win=1101 Len=0 TSval=11112916 TSecr=3596994561"
"212","111.408581","192.168.137.53","54.192.142.80","TCP","66","47802  >  443 [ACK] Seq=1078 Ack=38367 Win=1123 Len=0 TSval=11112917 TSecr=3596994561"
"213","111.408582","192.168.137.53","54.192.142.80","TLSv1.2","241","Application Data"
"214","111.415381","54.192.142.80","192.168.137.53","TCP","1514","443  >  47802 [ACK] Seq=39815 Ack=893 Win=189 Len=1448 TSval=3596994563 TSecr=11112912 [TCP segment of a reassembled PDU]"
"215","111.415733","54.192.142.80","192.168.137.53","TCP","1514","443  >  47802 [ACK] Seq=41263 Ack=893 Win=189 Len=1448 TSval=3596994563 TSecr=11112912 [TCP segment of a reassembled PDU]"
"216","111.420361","192.168.137.53","54.192.142.80","TCP","66","47802  >  443 [ACK] Seq=1253 Ack=41263 Win=1146 Len=0 TSval=11112920 TSecr=3596994562"
"217","111.421162","54.192.142.80","192.168.137.53","TLSv1.2","1514","Application Data, Application Data, Application Data"
"218","111.421512","54.192.142.80","192.168.137.53","TLSv1.2","148","Application Data"
"219","111.423876","54.192.142.80","192.168.137.53","TLSv1.2","396","Application Data"
"220","111.424246","192.168.137.53","54.192.142.80","TCP","66","47802  >  443 [ACK] Seq=1253 Ack=44159 Win=1168 Len=0 TSval=11112922 TSecr=3596994563"
"221","111.424990","54.192.142.80","192.168.137.53","TLSv1.2","398","Application Data"
"222","111.426878","192.168.137.53","54.192.142.80","TLSv1.2","108","Application Data"
"223","111.426880","192.168.137.53","54.192.142.80","TLSv1.2","108","Application Data"
"224","111.428969","192.168.137.53","54.192.142.80","TCP","66","47802  >  443 [ACK] Seq=1337 Ack=44903 Win=1191 Len=0 TSval=11112923 TSecr=3596994564"
"225","111.428971","192.168.137.53","54.192.142.80","TLSv1.2","108","Application Data"
"226","111.428972","192.168.137.53","54.192.142.80","TLSv1.2","108","Application Data"
"227","111.440640","54.192.142.80","192.168.137.53","TCP","66","443  >  47802 [ACK] Seq=44903 Ack=1337 Win=197 Len=0 TSval=3596994565 TSecr=11112922"
"228","111.442623","54.192.142.80","192.168.137.53","TCP","66","443  >  47802 [ACK] Seq=44903 Ack=1421 Win=197 Len=0 TSval=3596994566 TSecr=11112923"
"229","111.478881","192.168.137.53","54.192.142.80","TLSv1.2","244","Application Data"
"230","111.478882","192.168.137.53","54.192.142.80","TLSv1.2","189","Application Data"
"231","111.498818","54.192.142.80","192.168.137.53","TCP","66","443  >  47802 [ACK] Seq=44903 Ack=1722 Win=202 Len=0 TSval=3596994571 TSecr=11112938"
"232","111.499139","54.192.142.80","192.168.137.53","TLSv1.2","368","Application Data"
"233","111.499418","54.192.142.80","192.168.137.53","TCP","1514","443  >  47802 [ACK] Seq=45205 Ack=1722 Win=202 Len=1448 TSval=3596994571 TSecr=11112938 [TCP segment of a reassembled PDU]"
"234","111.499676","54.192.142.80","192.168.137.53","TCP","1514","443  >  47802 [ACK] Seq=46653 Ack=1722 Win=202 Len=1448 TSval=3596994571 TSecr=11112938 [TCP segment of a reassembled PDU]"
"235","111.504150","54.192.142.80","192.168.137.53","TCP","1514","443  >  47802 [ACK] Seq=48101 Ack=1722 Win=202 Len=1448 TSval=3596994571 TSecr=11112938 [TCP segment of a reassembled PDU]"
"236","111.504511","54.192.142.80","192.168.137.53","TCP","1514","443  >  47802 [ACK] Seq=49549 Ack=1722 Win=202 Len=1448 TSval=3596994571 TSecr=11112938 [TCP segment of a reassembled PDU]"
"237","111.504784","54.192.142.80","192.168.137.53","TCP","1514","443  >  47802 [ACK] Seq=50997 Ack=1722 Win=202 Len=1448 TSval=3596994571 TSecr=11112938 [TCP segment of a reassembled PDU]"
"238","111.505029","54.192.142.80","192.168.137.53","TCP","1514","443  >  47802 [ACK] Seq=52445 Ack=1722 Win=202 Len=1448 TSval=3596994571 TSecr=11112938 [TCP segment of a reassembled PDU]"
"239","111.505274","54.192.142.80","192.168.137.53","TCP","1514","443  >  47802 [ACK] Seq=53893 Ack=1722 Win=202 Len=1448 TSval=3596994571 TSecr=11112938 [TCP segment of a reassembled PDU]"
"240","111.505511","54.192.142.80","192.168.137.53","TCP","1514","443  >  47802 [ACK] Seq=55341 Ack=1722 Win=202 Len=1448 TSval=3596994571 TSecr=11112938 [TCP segment of a reassembled PDU]"
"241","111.506287","54.192.142.80","192.168.137.53","TCP","1514","443  >  47802 [ACK] Seq=56789 Ack=1722 Win=202 Len=1448 TSval=3596994572 TSecr=11112938 [TCP segment of a reassembled PDU]"
"242","111.506613","54.192.142.80","192.168.137.53","TCP","1514","443  >  47802 [ACK] Seq=58237 Ack=1722 Win=202 Len=1448 TSval=3596994572 TSecr=11112938 [TCP segment of a reassembled PDU]"
"243","111.507812","54.192.142.80","192.168.137.53","TLSv1.2","1514","Application Data [TCP segment of a reassembled PDU]"
"244","111.508176","54.192.142.80","192.168.137.53","TCP","1514","443  >  47802 [ACK] Seq=61133 Ack=1722 Win=202 Len=1448 TSval=3596994572 TSecr=11112938 [TCP segment of a reassembled PDU]"
"245","111.510039","54.192.142.80","192.168.137.53","TCP","1514","443  >  47802 [ACK] Seq=62581 Ack=1722 Win=202 Len=1448 TSval=3596994572 TSecr=11112938 [TCP segment of a reassembled PDU]"
"246","111.510408","54.192.142.80","192.168.137.53","TCP","1514","443  >  47802 [ACK] Seq=64029 Ack=1722 Win=202 Len=1448 TSval=3596994572 TSecr=11112938 [TCP segment of a reassembled PDU]"
"247","111.510844","54.192.142.80","192.168.137.53","TCP","1514","443  >  47802 [ACK] Seq=65477 Ack=1722 Win=202 Len=1448 TSval=3596994572 TSecr=11112938 [TCP segment of a reassembled PDU]"
"248","111.511119","54.192.142.80","192.168.137.53","TCP","1514","443  >  47802 [ACK] Seq=66925 Ack=1722 Win=202 Len=1448 TSval=3596994572 TSecr=11112938 [TCP segment of a reassembled PDU]"
"249","111.513419","54.192.142.80","192.168.137.53","TCP","1514","443  >  47802 [ACK] Seq=68373 Ack=1722 Win=202 Len=1448 TSval=3596994572 TSecr=11112938 [TCP segment of a reassembled PDU]"
"250","111.513795","54.192.142.80","192.168.137.53","TCP","1514","443  >  47802 [ACK] Seq=69821 Ack=1722 Win=202 Len=1448 TSval=3596994572 TSecr=11112938 [TCP segment of a reassembled PDU]"
"251","111.514279","54.192.142.80","192.168.137.53","TCP","1514","443  >  47802 [ACK] Seq=71269 Ack=1722 Win=202 Len=1448 TSval=3596994573 TSecr=11112938 [TCP segment of a reassembled PDU]"
"252","111.514567","54.192.142.80","192.168.137.53","TCP","1514","443  >  47802 [ACK] Seq=72717 Ack=1722 Win=202 Len=1448 TSval=3596994573 TSecr=11112938 [TCP segment of a reassembled PDU]"
"253","111.516821","54.192.142.80","192.168.137.53","TCP","1514","443  >  47802 [ACK] Seq=74165 Ack=1722 Win=202 Len=1448 TSval=3596994573 TSecr=11112938 [TCP segment of a reassembled PDU]"
"254","111.517187","54.192.142.80","192.168.137.53","TLSv1.2","1514","Application Data [TCP segment of a reassembled PDU]"
"255","111.520287","54.192.142.80","192.168.137.53","TCP","1514","443  >  47802 [ACK] Seq=77061 Ack=1722 Win=202 Len=1448 TSval=3596994573 TSecr=11112938 [TCP segment of a reassembled PDU]"
"256","111.520669","54.192.142.80","192.168.137.53","TCP","1514","443  >  47802 [ACK] Seq=78509 Ack=1722 Win=202 Len=1448 TSval=3596994573 TSecr=11112938 [TCP segment of a reassembled PDU]"
"257","111.555372","192.168.137.53","54.192.142.80","TLSv1.2","189","[TCP Spurious Retransmission] , Application Data"
"258","111.557128","192.168.137.53","54.192.142.80","TCP","66","47802  >  443 [ACK] Seq=1722 Ack=46653 Win=1214 Len=0 TSval=11112961 TSecr=3596994571"
"259","111.557129","192.168.137.53","54.192.142.80","TCP","66","47802  >  443 [ACK] Seq=1722 Ack=49549 Win=1236 Len=0 TSval=11112961 TSecr=3596994571"
"260","111.557130","192.168.137.53","54.192.142.80","TCP","66","47802  >  443 [ACK] Seq=1722 Ack=52445 Win=1259 Len=0 TSval=11112961 TSecr=3596994571"
"261","111.557131","192.168.137.53","54.192.142.80","TCP","66","47802  >  443 [ACK] Seq=1722 Ack=55341 Win=1282 Len=0 TSval=11112961 TSecr=3596994571"
"262","111.557131","192.168.137.53","54.192.142.80","TCP","66","47802  >  443 [ACK] Seq=1722 Ack=58237 Win=1304 Len=0 TSval=11112961 TSecr=3596994571"
"263","111.557132","192.168.137.53","54.192.142.80","TCP","66","47802  >  443 [ACK] Seq=1722 Ack=61133 Win=1327 Len=0 TSval=11112961 TSecr=3596994572"
"264","111.557133","192.168.137.53","54.192.142.80","TCP","66","47802  >  443 [ACK] Seq=1722 Ack=64029 Win=1349 Len=0 TSval=11112961 TSecr=3596994572"
"265","111.557133","192.168.137.53","54.192.142.80","TCP","66","47802  >  443 [ACK] Seq=1722 Ack=66925 Win=1372 Len=0 TSval=11112961 TSecr=3596994572"
"266","111.557134","192.168.137.53","54.192.142.80","TCP","66","47802  >  443 [ACK] Seq=1722 Ack=69821 Win=1395 Len=0 TSval=11112961 TSecr=3596994572"
"267","111.557135","192.168.137.53","54.192.142.80","TCP","66","47802  >  443 [ACK] Seq=1722 Ack=72717 Win=1417 Len=0 TSval=11112962 TSecr=3596994572"
"268","111.558304","192.168.137.53","54.192.142.80","TCP","66","47802  >  443 [ACK] Seq=1722 Ack=75613 Win=1440 Len=0 TSval=11112962 TSecr=3596994573"
"269","111.558305","192.168.137.53","54.192.142.80","TCP","66","47802  >  443 [ACK] Seq=1722 Ack=78509 Win=1463 Len=0 TSval=11112962 TSecr=3596994573"
"270","111.573858","54.192.142.80","192.168.137.53","TCP","1514","443  >  47802 [ACK] Seq=79957 Ack=1722 Win=202 Len=1436 TSval=3596994578 TSecr=11112961 SLE=1599 SRE=1722 [TCP segment of a reassembled PDU]"
"271","111.574216","54.192.142.80","192.168.137.53","TCP","1514","443  >  47802 [ACK] Seq=81393 Ack=1722 Win=202 Len=1448 TSval=3596994579 TSecr=11112961 [TCP segment of a reassembled PDU]"
"272","111.574472","54.192.142.80","192.168.137.53","TCP","1514","443  >  47802 [ACK] Seq=82841 Ack=1722 Win=202 Len=1448 TSval=3596994579 TSecr=11112961 [TCP segment of a reassembled PDU]"
"273","111.576988","54.192.142.80","192.168.137.53","TCP","1514","443  >  47802 [ACK] Seq=84289 Ack=1722 Win=202 Len=1448 TSval=3596994579 TSecr=11112961 [TCP segment of a reassembled PDU]"
"274","111.577312","54.192.142.80","192.168.137.53","TCP","1514","443  >  47802 [ACK] Seq=85737 Ack=1722 Win=202 Len=1448 TSval=3596994579 TSecr=11112961 [TCP segment of a reassembled PDU]"
"275","111.580077","54.192.142.80","192.168.137.53","TCP","1514","443  >  47802 [ACK] Seq=87185 Ack=1722 Win=202 Len=1448 TSval=3596994579 TSecr=11112961 [TCP segment of a reassembled PDU]"
"276","111.580384","54.192.142.80","192.168.137.53","TCP","1514","443  >  47802 [ACK] Seq=88633 Ack=1722 Win=202 Len=1448 TSval=3596994579 TSecr=11112961 [TCP segment of a reassembled PDU]"
"277","111.585674","54.192.142.80","192.168.137.53","TCP","1514","443  >  47802 [ACK] Seq=90081 Ack=1722 Win=202 Len=1448 TSval=3596994579 TSecr=11112962 [TCP segment of a reassembled PDU]"
"278","111.586037","54.192.142.80","192.168.137.53","TLSv1.2","1514","Application Data [TCP segment of a reassembled PDU]"
"279","111.587776","54.192.142.80","192.168.137.53","TCP","1514","443  >  47802 [ACK] Seq=92977 Ack=1722 Win=202 Len=1448 TSval=3596994579 TSecr=11112962 [TCP segment of a reassembled PDU]"
"280","111.588158","54.192.142.80","192.168.137.53","TCP","1514","443  >  47802 [ACK] Seq=94425 Ack=1722 Win=202 Len=1448 TSval=3596994579 TSecr=11112962 [TCP segment of a reassembled PDU]"
"281","111.592110","54.192.142.80","192.168.137.53","TCP","1514","443  >  47802 [ACK] Seq=95873 Ack=1722 Win=202 Len=1448 TSval=3596994580 TSecr=11112962 [TCP segment of a reassembled PDU]"
"282","111.592482","54.192.142.80","192.168.137.53","TCP","1514","443  >  47802 [ACK] Seq=97321 Ack=1722 Win=202 Len=1448 TSval=3596994580 TSecr=11112962 [TCP segment of a reassembled PDU]"
"283","111.595242","54.192.142.80","192.168.137.53","TCP","1514","443  >  47802 [ACK] Seq=98769 Ack=1722 Win=202 Len=1448 TSval=3596994580 TSecr=11112962 [TCP segment of a reassembled PDU]"
"284","111.595600","54.192.142.80","192.168.137.53","TCP","1514","443  >  47802 [ACK] Seq=100217 Ack=1722 Win=202 Len=1448 TSval=3596994580 TSecr=11112962 [TCP segment of a reassembled PDU]"
"285","111.598077","192.168.137.53","54.192.142.80","TCP","66","47802  >  443 [ACK] Seq=1722 Ack=79957 Win=1474 Len=0 TSval=11112974 TSecr=3596994573"
"286","111.599590","54.192.142.80","192.168.137.53","TCP","1514","443  >  47802 [ACK] Seq=101665 Ack=1722 Win=202 Len=1448 TSval=3596994581 TSecr=11112962 [TCP segment of a reassembled PDU]"
"287","111.599975","54.192.142.80","192.168.137.53","TCP","1514","443  >  47802 [ACK] Seq=103113 Ack=1722 Win=202 Len=1448 TSval=3596994581 TSecr=11112962 [TCP segment of a reassembled PDU]"
"288","111.601226","192.168.137.53","54.192.142.80","TCP","66","47802  >  443 [ACK] Seq=1722 Ack=81393 Win=1485 Len=0 TSval=11112975 TSecr=3596994578"
"289","111.601228","192.168.137.53","54.192.142.80","TLSv1.2","188","Application Data"
"290","111.601228","192.168.137.53","54.192.142.80","TCP","66","47802  >  443 [ACK] Seq=1844 Ack=84289 Win=1508 Len=0 TSval=11112975 TSecr=3596994579"
"291","111.601229","192.168.137.53","54.192.142.80","TCP","66","47802  >  443 [ACK] Seq=1844 Ack=87185 Win=1530 Len=0 TSval=11112975 TSecr=3596994579"
"292","111.601229","192.168.137.53","54.192.142.80","TCP","66","47802  >  443 [ACK] Seq=1844 Ack=90081 Win=1553 Len=0 TSval=11112975 TSecr=3596994579"
"293","111.601230","192.168.137.53","54.192.142.80","TCP","66","47802  >  443 [ACK] Seq=1844 Ack=92977 Win=1576 Len=0 TSval=11112975 TSecr=3596994579"
"294","111.601231","192.168.137.53","54.192.142.80","TCP","66","47802  >  443 [ACK] Seq=1844 Ack=95873 Win=1598 Len=0 TSval=11112975 TSecr=3596994579"
"295","111.601232","192.168.137.53","54.192.142.80","TCP","66","47802  >  443 [ACK] Seq=1844 Ack=98769 Win=1621 Len=0 TSval=11112975 TSecr=3596994580"
"296","111.601232","192.168.137.53","54.192.142.80","TCP","66","47802  >  443 [ACK] Seq=1844 Ack=101665 Win=1644 Len=0 TSval=11112975 TSecr=3596994580"
"297","111.603064","192.168.137.53","54.192.142.80","TLSv1.2","178","Application Data"
"298","111.603921","54.192.142.80","192.168.137.53","TCP","1514","443  >  47802 [ACK] Seq=104561 Ack=1722 Win=202 Len=1448 TSval=3596994581 TSecr=11112962 [TCP segment of a reassembled PDU]"
"299","111.604269","54.192.142.80","192.168.137.53","TCP","1514","443  >  47802 [ACK] Seq=106009 Ack=1722 Win=202 Len=1448 TSval=3596994581 TSecr=11112962 [TCP segment of a reassembled PDU]"
"300","111.606895","54.192.142.80","192.168.137.53","TCP","1514","443  >  47802 [ACK] Seq=107457 Ack=1722 Win=202 Len=1448 TSval=3596994581 TSecr=11112962 [TCP segment of a reassembled PDU]"
"301","111.607284","54.192.142.80","192.168.137.53","TLSv1.2","1514","Application Data [TCP segment of a reassembled PDU]"
"302","111.607436","192.168.137.53","54.192.142.80","TCP","66","47802  >  443 [ACK] Seq=1956 Ack=106009 Win=1678 Len=0 TSval=11112976 TSecr=3596994581"
"303","111.610288","192.168.137.53","54.192.142.80","TCP","66","47802  >  443 [ACK] Seq=1956 Ack=108905 Win=1700 Len=0 TSval=11112977 TSecr=3596994581"
"304","111.611291","54.192.142.80","192.168.137.53","TLSv1.2","1514","Application Data [TCP segment of a reassembled PDU]"
"305","111.611627","54.192.142.80","192.168.137.53","TCP","1514","443  >  47802 [ACK] Seq=111801 Ack=1722 Win=202 Len=1448 TSval=3596994582 TSecr=11112962 [TCP segment of a reassembled PDU]"
"306","111.614314","192.168.137.53","54.192.142.80","TCP","66","47802  >  443 [ACK] Seq=1956 Ack=111801 Win=1723 Len=0 TSval=11112979 TSecr=3596994581"
"307","111.615062","54.192.142.80","192.168.137.53","TCP","1514","443  >  47802 [ACK] Seq=113249 Ack=1722 Win=202 Len=1448 TSval=3596994582 TSecr=11112962 [TCP segment of a reassembled PDU]"
"308","111.615397","54.192.142.80","192.168.137.53","TCP","1514","443  >  47802 [ACK] Seq=114697 Ack=1722 Win=202 Len=1448 TSval=3596994582 TSecr=11112962 [TCP segment of a reassembled PDU]"
"309","111.618312","192.168.137.53","54.192.142.80","TCP","66","47802  >  443 [ACK] Seq=1956 Ack=114697 Win=1745 Len=0 TSval=11112980 TSecr=3596994582"
"310","111.619207","54.192.142.80","192.168.137.53","TCP","1514","443  >  47802 [ACK] Seq=116145 Ack=1722 Win=202 Len=1448 TSval=3596994583 TSecr=11112974 [TCP segment of a reassembled PDU]"
"311","111.619532","54.192.142.80","192.168.137.53","TCP","1514","443  >  47802 [ACK] Seq=117593 Ack=1722 Win=202 Len=1448 TSval=3596994583 TSecr=11112974 [TCP segment of a reassembled PDU]"
"312","111.621448","192.168.137.53","54.192.142.80","TLSv1.2","188","Application Data"
"313","111.622768","192.168.137.53","54.192.142.80","TCP","66","47802  >  443 [ACK] Seq=2078 Ack=119041 Win=1779 Len=0 TSval=11112981 TSecr=3596994583"
"314","111.623562","54.192.142.80","192.168.137.53","TCP","1514","443  >  47802 [ACK] Seq=119041 Ack=1844 Win=202 Len=1448 TSval=3596994583 TSecr=11112975 [TCP segment of a reassembled PDU]"
"315","111.623922","54.192.142.80","192.168.137.53","TCP","1514","443  >  47802 [ACK] Seq=120489 Ack=1844 Win=202 Len=1448 TSval=3596994583 TSecr=11112975 [TCP segment of a reassembled PDU]"
"316","111.625813","54.192.142.80","192.168.137.53","TCP","78","443  >  47802 [ACK] Seq=121937 Ack=1956 Win=202 Len=12 TSval=3596994584 TSecr=11112975 [TCP segment of a reassembled PDU]"
"317","111.626174","54.192.142.80","192.168.137.53","TLSv1.2","517","Application Data, Application Data, Application Data"
"318","111.626468","54.192.142.80","192.168.137.53","TCP","1514","443  >  47802 [ACK] Seq=122400 Ack=1956 Win=202 Len=1448 TSval=3596994584 TSecr=11112975 [TCP segment of a reassembled PDU]"
"319","111.626720","54.192.142.80","192.168.137.53","TCP","1514","443  >  47802 [ACK] Seq=123848 Ack=1956 Win=202 Len=1448 TSval=3596994584 TSecr=11112975 [TCP segment of a reassembled PDU]"
"320","111.626925","192.168.137.53","54.192.142.80","TCP","66","47802  >  443 [ACK] Seq=2078 Ack=121937 Win=1802 Len=0 TSval=11112982 TSecr=3596994583"
"321","111.627282","54.192.142.80","192.168.137.53","TCP","1514","443  >  47802 [ACK] Seq=125296 Ack=1956 Win=202 Len=1448 TSval=3596994584 TSecr=11112975 [TCP segment of a reassembled PDU]"
"322","111.627554","54.192.142.80","192.168.137.53","TCP","1514","443  >  47802 [ACK] Seq=126744 Ack=1956 Win=202 Len=1448 TSval=3596994584 TSecr=11112975 [TCP segment of a reassembled PDU]"
"323","111.629152","192.168.137.53","54.192.142.80","TLSv1.2","169","Application Data"
"324","111.629154","192.168.137.53","54.192.142.80","TCP","66","47802  >  443 [ACK] Seq=2181 Ack=123848 Win=1825 Len=0 TSval=11112983 TSecr=3596994584"
"325","111.629917","54.192.142.80","192.168.137.53","TCP","1514","443  >  47802 [ACK] Seq=128192 Ack=1956 Win=202 Len=1448 TSval=3596994584 TSecr=11112977 [TCP segment of a reassembled PDU]"
"326","111.630187","54.192.142.80","192.168.137.53","TCP","1514","443  >  47802 [ACK] Seq=129640 Ack=1956 Win=202 Len=1448 TSval=3596994584 TSecr=11112977 [TCP segment of a reassembled PDU]"
"327","111.630553","192.168.137.53","54.192.142.80","TCP","66","47802  >  443 [ACK] Seq=2181 Ack=126744 Win=1847 Len=0 TSval=11112983 TSecr=3596994584"
"328","111.632874","192.168.137.53","54.192.142.80","TCP","66","47802  >  443 [ACK] Seq=2181 Ack=129640 Win=1870 Len=0 TSval=11112984 TSecr=3596994584"
"329","111.632875","192.168.137.53","54.192.142.80","TLSv1.2","108","Application Data"
"330","111.633773","54.192.142.80","192.168.137.53","TCP","1514","443  >  47802 [ACK] Seq=131088 Ack=1956 Win=202 Len=1448 TSval=3596994584 TSecr=11112977 [TCP segment of a reassembled PDU]"
"331","111.634081","54.192.142.80","192.168.137.53","TCP","1514","443  >  47802 [ACK] Seq=132536 Ack=1956 Win=202 Len=1448 TSval=3596994584 TSecr=11112977 [TCP segment of a reassembled PDU]"
"332","111.634529","54.192.142.80","192.168.137.53","TCP","1514","443  >  47802 [ACK] Seq=133984 Ack=1956 Win=202 Len=1448 TSval=3596994584 TSecr=11112979 [TCP segment of a reassembled PDU]"
"333","111.634788","54.192.142.80","192.168.137.53","TCP","1514","443  >  47802 [ACK] Seq=135432 Ack=1956 Win=202 Len=1448 TSval=3596994584 TSecr=11112979 [TCP segment of a reassembled PDU]"
"334","111.634917","192.168.137.53","54.192.142.80","TLSv1.2","152","Application Data"
"335","111.636700","192.168.137.53","54.192.142.80","TLSv1.2","144","Application Data"
"336","111.636701","192.168.137.53","54.192.142.80","TCP","66","47802  >  443 [ACK] Seq=2387 Ack=133984 Win=1904 Len=0 TSval=11112985 TSecr=3596994584"
"337","111.637929","54.192.142.80","192.168.137.53","TCP","1514","443  >  47802 [ACK] Seq=136880 Ack=1956 Win=202 Len=1448 TSval=3596994585 TSecr=11112979 [TCP segment of a reassembled PDU]"
"338","111.638224","54.192.142.80","192.168.137.53","TLSv1.2","1514","Application Data [TCP segment of a reassembled PDU]"
"339","111.638672","192.168.137.53","54.192.142.80","TCP","66","47802  >  443 [ACK] Seq=2387 Ack=136880 Win=1926 Len=0 TSval=11112986 TSecr=3596994584"
"340","111.640308","54.192.142.80","192.168.137.53","TCP","1514","443  >  47802 [ACK] Seq=139776 Ack=1956 Win=202 Len=1448 TSval=3596994585 TSecr=11112980 [TCP segment of a reassembled PDU]"
"341","111.640662","54.192.142.80","192.168.137.53","TLSv1.2","1403","Application Data, Application Data"
"342","111.640988","192.168.137.53","54.192.142.80","TCP","66","47802  >  443 [ACK] Seq=2387 Ack=139776 Win=1949 Len=0 TSval=11112987 TSecr=3596994585"
"343","111.641361","54.192.142.80","192.168.137.53","TCP","1514","443  >  47802 [ACK] Seq=142561 Ack=2078 Win=202 Len=1448 TSval=3596994585 TSecr=11112980 [TCP segment of a reassembled PDU]"
"344","111.641626","54.192.142.80","192.168.137.53","TCP","1514","443  >  47802 [ACK] Seq=144009 Ack=2078 Win=202 Len=1448 TSval=3596994585 TSecr=11112980 [TCP segment of a reassembled PDU]"
"345","111.643472","54.192.142.80","192.168.137.53","TCP","1514","443  >  47802 [ACK] Seq=145457 Ack=2078 Win=202 Len=1448 TSval=3596994585 TSecr=11112980 [TCP segment of a reassembled PDU]"
"346","111.643858","54.192.142.80","192.168.137.53","TCP","1514","443  >  47802 [ACK] Seq=146905 Ack=2078 Win=202 Len=1448 TSval=3596994585 TSecr=11112980 [TCP segment of a reassembled PDU]"
"347","111.644069","192.168.137.53","54.192.142.80","TCP","66","47802  >  443 [ACK] Seq=2387 Ack=142561 Win=1972 Len=0 TSval=11112987 TSecr=3596994585"
"348","111.645306","192.168.137.53","54.192.142.80","TCP","66","47802  >  443 [ACK] Seq=2387 Ack=145457 Win=1994 Len=0 TSval=11112988 TSecr=3596994585"
"349","111.646975","54.192.142.80","192.168.137.53","TCP","1514","443  >  47802 [ACK] Seq=148353 Ack=2078 Win=202 Len=1448 TSval=3596994585 TSecr=11112980 [TCP segment of a reassembled PDU]"
"350","111.647329","54.192.142.80","192.168.137.53","TCP","1514","443  >  47802 [ACK] Seq=149801 Ack=2078 Win=202 Len=1448 TSval=3596994585 TSecr=11112980 [TCP segment of a reassembled PDU]"
"351","111.647627","54.192.142.80","192.168.137.53","TCP","1514","443  >  47802 [ACK] Seq=151249 Ack=2078 Win=202 Len=1448 TSval=3596994586 TSecr=11112982 [TCP segment of a reassembled PDU]"
"352","111.647872","54.192.142.80","192.168.137.53","TCP","1514","443  >  47802 [ACK] Seq=152697 Ack=2078 Win=202 Len=1448 TSval=3596994586 TSecr=11112982 [TCP segment of a reassembled PDU]"
"353","111.648016","192.168.137.53","54.192.142.80","TCP","66","47802  >  443 [ACK] Seq=2387 Ack=148353 Win=2017 Len=0 TSval=11112988 TSecr=3596994585"
"354","111.648644","54.192.142.80","192.168.137.53","TCP","1514","443  >  47802 [ACK] Seq=154145 Ack=2181 Win=202 Len=1448 TSval=3596994586 TSecr=11112983 [TCP segment of a reassembled PDU]"
"355","111.648911","54.192.142.80","192.168.137.53","TCP","1514","443  >  47802 [ACK] Seq=155593 Ack=2181 Win=202 Len=1448 TSval=3596994586 TSecr=11112983 [TCP segment of a reassembled PDU]"
"356","111.650952","192.168.137.53","54.192.142.80","TCP","66","47802  >  443 [ACK] Seq=2387 Ack=151249 Win=2040 Len=0 TSval=11112990 TSecr=3596994585"
"357","111.650954","192.168.137.53","54.192.142.80","TCP","66","47802  >  443 [ACK] Seq=2387 Ack=154145 Win=2062 Len=0 TSval=11112990 TSecr=3596994586"
"358","111.651567","54.192.142.80","192.168.137.53","TCP","1514","443  >  47802 [ACK] Seq=157041 Ack=2223 Win=202 Len=1448 TSval=3596994586 TSecr=11112984 [TCP segment of a reassembled PDU]"
"359","111.651886","54.192.142.80","192.168.137.53","TLSv1.2","1514","Application Data [TCP segment of a reassembled PDU]"
"360","111.652325","192.168.137.53","54.192.142.80","TCP","66","47802  >  443 [ACK] Seq=2387 Ack=157041 Win=2085 Len=0 TSval=11112990 TSecr=3596994586"
"361","111.652327","192.168.137.53","54.192.142.80","TLSv1.2","153","Application Data"
"362","111.653676","54.192.142.80","192.168.137.53","TCP","1514","443  >  47802 [ACK] Seq=159937 Ack=2309 Win=202 Len=1448 TSval=3596994586 TSecr=11112985 [TCP segment of a reassembled PDU]"
"363","111.654046","54.192.142.80","192.168.137.53","TCP","1514","443  >  47802 [ACK] Seq=161385 Ack=2309 Win=202 Len=1448 TSval=3596994586 TSecr=11112985 [TCP segment of a reassembled PDU]"
"364","111.654573","54.192.142.80","192.168.137.53","TCP","1514","443  >  47802 [ACK] Seq=162833 Ack=2309 Win=202 Len=1448 TSval=3596994586 TSecr=11112985 [TCP segment of a reassembled PDU]"
"365","111.654841","54.192.142.80","192.168.137.53","TCP","1514","443  >  47802 [ACK] Seq=164281 Ack=2309 Win=202 Len=1448 TSval=3596994586 TSecr=11112985 [TCP segment of a reassembled PDU]"
"366","111.655699","192.168.137.53","54.192.142.80","TCP","66","47802  >  443 [ACK] Seq=2474 Ack=159937 Win=2107 Len=0 TSval=11112991 TSecr=3596994586"
"367","111.658648","192.168.137.53","54.192.142.80","TCP","66","47802  >  443 [ACK] Seq=2474 Ack=162833 Win=2130 Len=0 TSval=11112991 TSecr=3596994586"
"368","111.658649","192.168.137.53","54.192.142.80","TCP","66","47802  >  443 [ACK] Seq=2474 Ack=165729 Win=2153 Len=0 TSval=11112992 TSecr=3596994586"
"369","111.660722","54.192.142.80","192.168.137.53","TCP","1514","443  >  47802 [ACK] Seq=165729 Ack=2387 Win=202 Len=1448 TSval=3596994587 TSecr=11112985 [TCP segment of a reassembled PDU]"
"370","111.661070","54.192.142.80","192.168.137.53","TCP","1514","443  >  47802 [ACK] Seq=167177 Ack=2387 Win=202 Len=1448 TSval=3596994587 TSecr=11112985 [TCP segment of a reassembled PDU]"
"371","111.661350","54.192.142.80","192.168.137.53","TCP","1514","443  >  47802 [ACK] Seq=168625 Ack=2387 Win=202 Len=1448 TSval=3596994587 TSecr=11112985 [TCP segment of a reassembled PDU]"
"372","111.661609","54.192.142.80","192.168.137.53","TCP","1514","443  >  47802 [ACK] Seq=170073 Ack=2387 Win=202 Len=1448 TSval=3596994587 TSecr=11112985 [TCP segment of a reassembled PDU]"
"373","111.661854","54.192.142.80","192.168.137.53","TCP","1514","443  >  47802 [ACK] Seq=171521 Ack=2387 Win=202 Len=1448 TSval=3596994587 TSecr=11112987 [TCP segment of a reassembled PDU]"
"374","111.662101","54.192.142.80","192.168.137.53","TLSv1.2","1514","Application Data, Application Data"
"375","111.662344","54.192.142.80","192.168.137.53","TCP","1514","443  >  47802 [ACK] Seq=174417 Ack=2387 Win=202 Len=1448 TSval=3596994587 TSecr=11112987 [TCP segment of a reassembled PDU]"
"376","111.662584","54.192.142.80","192.168.137.53","TCP","1514","443  >  47802 [ACK] Seq=175865 Ack=2387 Win=202 Len=1448 TSval=3596994587 TSecr=11112987 [TCP segment of a reassembled PDU]"
"377","111.663134","54.192.142.80","192.168.137.53","TCP","1514","443  >  47802 [ACK] Seq=177313 Ack=2387 Win=202 Len=1448 TSval=3596994587 TSecr=11112988 [TCP segment of a reassembled PDU]"
"378","111.663389","54.192.142.80","192.168.137.53","TCP","1514","443  >  47802 [ACK] Seq=178761 Ack=2387 Win=202 Len=1448 TSval=3596994587 TSecr=11112988 [TCP segment of a reassembled PDU]"
"379","111.664547","54.192.142.80","192.168.137.53","TLSv1.2","1514","Application Data [TCP segment of a reassembled PDU]"
"380","111.664800","54.192.142.80","192.168.137.53","TCP","1514","443  >  47802 [ACK] Seq=181657 Ack=2387 Win=202 Len=1448 TSval=3596994588 TSecr=11112988 [TCP segment of a reassembled PDU]"
"381","111.664926","192.168.137.53","54.192.142.80","TCP","66","47802  >  443 [ACK] Seq=2474 Ack=168625 Win=2175 Len=0 TSval=11112994 TSecr=3596994587"
"382","111.664926","192.168.137.53","54.192.142.80","TCP","66","47802  >  443 [ACK] Seq=2474 Ack=171521 Win=2198 Len=0 TSval=11112994 TSecr=3596994587"
"383","111.665469","54.192.142.80","192.168.137.53","TCP","1514","443  >  47802 [ACK] Seq=183105 Ack=2387 Win=202 Len=1448 TSval=3596994588 TSecr=11112988 [TCP segment of a reassembled PDU]"
"384","111.665664","54.192.142.80","192.168.137.53","TCP","1514","443  >  47802 [ACK] Seq=184553 Ack=2387 Win=202 Len=1448 TSval=3596994588 TSecr=11112988 [TCP segment of a reassembled PDU]"
"385","111.666000","192.168.137.53","54.192.142.80","TCP","66","47802  >  443 [ACK] Seq=2474 Ack=174417 Win=2221 Len=0 TSval=11112994 TSecr=3596994587"
"386","111.666001","192.168.137.53","54.192.142.80","TCP","66","47802  >  443 [ACK] Seq=2474 Ack=177313 Win=2243 Len=0 TSval=11112994 TSecr=3596994587"
"387","111.666660","54.192.142.80","192.168.137.53","TCP","1514","443  >  47802 [ACK] Seq=186001 Ack=2387 Win=202 Len=1448 TSval=3596994588 TSecr=11112988 [TCP segment of a reassembled PDU]"
"388","111.667741","192.168.137.53","54.192.142.80","TCP","66","47802  >  443 [ACK] Seq=2474 Ack=180209 Win=2266 Len=0 TSval=11112995 TSecr=3596994587"
"389","111.667742","192.168.137.53","54.192.142.80","TCP","66","47802  >  443 [ACK] Seq=2474 Ack=183105 Win=2288 Len=0 TSval=11112995 TSecr=3596994588"
"390","111.668366","54.192.142.80","192.168.137.53","TCP","1514","443  >  47802 [ACK] Seq=187449 Ack=2387 Win=202 Len=1448 TSval=3596994588 TSecr=11112988 [TCP segment of a reassembled PDU]"
"391","111.669402","54.192.142.80","192.168.137.53","TCP","1514","443  >  47802 [ACK] Seq=188897 Ack=2474 Win=202 Len=1448 TSval=3596994588 TSecr=11112990 [TCP segment of a reassembled PDU]"
"392","111.669645","54.192.142.80","192.168.137.53","TCP","1514","443  >  47802 [ACK] Seq=190345 Ack=2474 Win=202 Len=1448 TSval=3596994588 TSecr=11112990 [TCP segment of a reassembled PDU]"
"393","111.669768","192.168.137.53","54.192.142.80","TCP","66","47802  >  443 [ACK] Seq=2474 Ack=186001 Win=2311 Len=0 TSval=11112995 TSecr=3596994588"
"394","111.670281","54.192.142.80","192.168.137.53","TCP","1514","443  >  47802 [ACK] Seq=191793 Ack=2474 Win=202 Len=1448 TSval=3596994588 TSecr=11112990 [TCP segment of a reassembled PDU]"
"395","111.670457","54.192.142.80","192.168.137.53","TCP","1514","443  >  47802 [ACK] Seq=193241 Ack=2474 Win=202 Len=1448 TSval=3596994588 TSecr=11112990 [TCP segment of a reassembled PDU]"
"396","111.671720","192.168.137.53","54.192.142.80","TCP","66","47802  >  443 [ACK] Seq=2474 Ack=188897 Win=2334 Len=0 TSval=11112996 TSecr=3596994588"
"397","111.672107","54.192.142.80","192.168.137.53","TCP","1514","443  >  47802 [ACK] Seq=194689 Ack=2474 Win=202 Len=1448 TSval=3596994588 TSecr=11112991 [TCP segment of a reassembled PDU]"
"398","111.672358","54.192.142.80","192.168.137.53","TLSv1.2","1514","Application Data [TCP segment of a reassembled PDU]"
"399","111.673269","192.168.137.53","54.192.142.80","TCP","66","47802  >  443 [ACK] Seq=2474 Ack=191793 Win=2356 Len=0 TSval=11112996 TSecr=3596994588"
"400","111.673270","192.168.137.53","54.192.142.80","TCP","66","47802  >  443 [ACK] Seq=2474 Ack=194689 Win=2379 Len=0 TSval=11112996 TSecr=3596994588"
"401","111.674429","54.192.142.80","192.168.137.53","TCP","1514","443  >  47802 [ACK] Seq=197585 Ack=2474 Win=202 Len=1448 TSval=3596994588 TSecr=11112991 [TCP segment of a reassembled PDU]"
"402","111.674688","54.192.142.80","192.168.137.53","TCP","1514","443  >  47802 [ACK] Seq=199033 Ack=2474 Win=202 Len=1448 TSval=3596994588 TSecr=11112991 [TCP segment of a reassembled PDU]"
"403","111.675035","54.192.142.80","192.168.137.53","TCP","1514","443  >  47802 [ACK] Seq=200481 Ack=2474 Win=202 Len=1448 TSval=3596994589 TSecr=11112991 [TCP segment of a reassembled PDU]"
"404","111.675242","54.192.142.80","192.168.137.53","TCP","1514","443  >  47802 [ACK] Seq=201929 Ack=2474 Win=202 Len=1448 TSval=3596994589 TSecr=11112991 [TCP segment of a reassembled PDU]"
"405","111.675581","192.168.137.53","54.192.142.80","TCP","66","47802  >  443 [ACK] Seq=2474 Ack=197585 Win=2402 Len=0 TSval=11112997 TSecr=3596994588"
"406","111.676021","54.192.142.80","192.168.137.53","TCP","1514","443  >  47802 [ACK] Seq=203377 Ack=2474 Win=202 Len=1448 TSval=3596994589 TSecr=11112992 [TCP segment of a reassembled PDU]"
"407","111.676205","54.192.142.80","192.168.137.53","TCP","1514","443  >  47802 [ACK] Seq=204825 Ack=2474 Win=202 Len=1448 TSval=3596994589 TSecr=11112992 [TCP segment of a reassembled PDU]"
"408","111.677346","192.168.137.53","54.192.142.80","TCP","66","47802  >  443 [ACK] Seq=2474 Ack=200481 Win=2424 Len=0 TSval=11112997 TSecr=3596994588"
"409","111.678975","192.168.137.53","54.192.142.80","TCP","66","47802  >  443 [ACK] Seq=2474 Ack=203377 Win=2447 Len=0 TSval=11112998 TSecr=3596994589"
"410","111.678975","192.168.137.53","54.192.142.80","TCP","66","47802  >  443 [ACK] Seq=2474 Ack=206273 Win=2469 Len=0 TSval=11112998 TSecr=3596994589"
"411","111.681050","54.192.142.80","192.168.137.53","TCP","1514","443  >  47802 [ACK] Seq=206273 Ack=2474 Win=202 Len=1448 TSval=3596994589 TSecr=11112994 [TCP segment of a reassembled PDU]"
"412","111.681307","54.192.142.80","192.168.137.53","TCP","1514","443  >  47802 [ACK] Seq=207721 Ack=2474 Win=202 Len=1448 TSval=3596994589 TSecr=11112994 [TCP segment of a reassembled PDU]"
"413","111.681551","54.192.142.80","192.168.137.53","TCP","1514","443  >  47802 [ACK] Seq=209169 Ack=2474 Win=202 Len=1448 TSval=3596994589 TSecr=11112994 [TCP segment of a reassembled PDU]"
"414","111.681742","54.192.142.80","192.168.137.53","TLSv1.2","1514","Application Data, Application Data"
"415","111.682092","54.192.142.80","192.168.137.53","TLSv1.2","1514","Application Data, Application Data"
"416","111.682268","54.192.142.80","192.168.137.53","TLSv1.2","1514","Application Data, Application Data"
"417","111.684365","54.192.142.80","192.168.137.53","TCP","1514","443  >  47802 [ACK] Seq=214961 Ack=2474 Win=202 Len=1448 TSval=3596994589 TSecr=11112994 [TCP segment of a reassembled PDU]"
"418","111.684610","54.192.142.80","192.168.137.53","TLSv1.2","512","Application Data, Application Data"
"419","111.684810","192.168.137.53","54.192.142.80","TCP","66","47802  >  443 [ACK] Seq=2474 Ack=209169 Win=2492 Len=0 TSval=11113000 TSecr=3596994589"
"420","111.684810","192.168.137.53","54.192.142.80","TCP","66","47802  >  443 [ACK] Seq=2474 Ack=212065 Win=2515 Len=0 TSval=11113000 TSecr=3596994589"
"421","111.686104","192.168.137.53","54.192.142.80","TCP","66","47802  >  443 [ACK] Seq=2474 Ack=214961 Win=2537 Len=0 TSval=11113000 TSecr=3596994589"
"422","111.688096","192.168.137.53","54.192.142.80","TCP","66","47802  >  443 [ACK] Seq=2474 Ack=216855 Win=2560 Len=0 TSval=11113001 TSecr=3596994589"
"423","112.200361","192.168.137.53","192.168.137.1","DNS","75","Standard query 0x5c51 A www.youtube.com"
"424","112.200362","192.168.137.53","54.192.142.80","TLSv1.2","188","Application Data"
"425","112.200363","192.168.137.53","54.192.142.80","TLSv1.2","188","Application Data"
"426","112.200364","192.168.137.53","54.192.142.80","TLSv1.2","189","Application Data"
"427","112.204501","192.168.137.1","192.168.137.53","DNS","125","Standard query response 0x5c51 A www.youtube.com CNAME youtube-ui.l.google.com A 172.217.4.174"
"428","112.206458","192.168.137.53","54.192.142.80","TLSv1.2","108","Application Data"
"429","112.206459","192.168.137.53","54.192.142.80","TLSv1.2","108","Application Data"
"430","112.206460","192.168.137.53","54.192.142.80","TLSv1.2","108","Application Data"
"431","112.210218","192.168.137.53","172.217.4.174","TCP","74","49295  >  443 [SYN] Seq=0 Win=65535 Len=0 MSS=1460 SACK_PERM=1 TSval=11113157 TSecr=0 WS=256"
"432","112.215107","172.217.4.174","192.168.137.53","TCP","74","443  >  49295 [SYN, ACK] Seq=0 Ack=1 Win=42408 Len=0 MSS=1380 SACK_PERM=1 TSval=3341472330 TSecr=11113157 WS=256"
"433","112.215801","54.192.142.80","192.168.137.53","TCP","66","443  >  47802 [ACK] Seq=216855 Ack=2841 Win=202 Len=0 TSval=3596994643 TSecr=11113155"
"434","112.218228","54.192.142.80","192.168.137.53","TCP","1514","443  >  47802 [ACK] Seq=216855 Ack=2841 Win=202 Len=1448 TSval=3596994643 TSecr=11113155 [TCP segment of a reassembled PDU]"
"435","112.218592","54.192.142.80","192.168.137.53","TCP","1514","443  >  47802 [ACK] Seq=218303 Ack=2841 Win=202 Len=1448 TSval=3596994643 TSecr=11113155 [TCP segment of a reassembled PDU]"
"436","112.218734","192.168.137.53","172.217.4.174","TCP","66","49295  >  443 [ACK] Seq=1 Ack=1 Win=87808 Len=0 TSval=11113160 TSecr=3341472330"
"437","112.218736","192.168.137.53","172.217.4.174","TLSv1.2","265","Client Hello"
"438","112.219381","54.192.142.80","192.168.137.53","TCP","1514","443  >  47802 [ACK] Seq=219751 Ack=2841 Win=202 Len=1448 TSval=3596994643 TSecr=11113155 [TCP segment of a reassembled PDU]"
"439","112.219646","54.192.142.80","192.168.137.53","TCP","1514","443  >  47802 [ACK] Seq=221199 Ack=2841 Win=202 Len=1448 TSval=3596994643 TSecr=11113155 [TCP segment of a reassembled PDU]"
"440","112.221772","172.217.4.174","192.168.137.53","TCP","66","443  >  49295 [ACK] Seq=1 Ack=200 Win=43520 Len=0 TSval=3341472337 TSecr=11113160"
"441","112.222001","192.168.137.53","54.192.142.80","TCP","66","47802  >  443 [ACK] Seq=2967 Ack=219751 Win=2583 Len=0 TSval=11113161 TSecr=3596994643"
"442","112.222485","54.192.142.80","192.168.137.53","TCP","1514","443  >  47802 [ACK] Seq=222647 Ack=2841 Win=202 Len=1448 TSval=3596994643 TSecr=11113155 [TCP segment of a reassembled PDU]"
"443","112.222769","54.192.142.80","192.168.137.53","TCP","1514","443  >  47802 [ACK] Seq=224095 Ack=2841 Win=202 Len=1448 TSval=3596994643 TSecr=11113155 [TCP segment of a reassembled PDU]"
"444","112.223027","54.192.142.80","192.168.137.53","TCP","1514","443  >  47802 [ACK] Seq=225543 Ack=2841 Win=202 Len=1448 TSval=3596994643 TSecr=11113155 [TCP segment of a reassembled PDU]"
"445","112.223274","54.192.142.80","192.168.137.53","TCP","1514","443  >  47802 [ACK] Seq=226991 Ack=2841 Win=202 Len=1448 TSval=3596994643 TSecr=11113155 [TCP segment of a reassembled PDU]"
"446","112.223518","54.192.142.80","192.168.137.53","TCP","1514","443  >  47802 [ACK] Seq=228439 Ack=2967 Win=202 Len=1448 TSval=3596994643 TSecr=11113156 [TCP segment of a reassembled PDU]"
"447","112.223768","54.192.142.80","192.168.137.53","TCP","1514","443  >  47802 [ACK] Seq=229887 Ack=2967 Win=202 Len=1448 TSval=3596994643 TSecr=11113156 [TCP segment of a reassembled PDU]"
"448","112.224000","192.168.137.53","54.192.142.80","TCP","66","47802  >  443 [ACK] Seq=2967 Ack=222647 Win=2605 Len=0 TSval=11113161 TSecr=3596994643"
"449","112.224587","54.192.142.80","192.168.137.53","TCP","1514","443  >  47802 [ACK] Seq=231335 Ack=2967 Win=202 Len=1448 TSval=3596994644 TSecr=11113156 [TCP segment of a reassembled PDU]"
"450","112.224873","54.192.142.80","192.168.137.53","TLSv1.2","1514","Application Data [TCP segment of a reassembled PDU]"
"451","112.225252","54.192.142.80","192.168.137.53","TCP","1514","443  >  47802 [ACK] Seq=234231 Ack=2967 Win=202 Len=1448 TSval=3596994644 TSecr=11113156 [TCP segment of a reassembled PDU]"
"452","112.225501","54.192.142.80","192.168.137.53","TCP","1514","443  >  47802 [ACK] Seq=235679 Ack=2967 Win=202 Len=1448 TSval=3596994644 TSecr=11113156 [TCP segment of a reassembled PDU]"
"453","112.225678","192.168.137.53","54.192.142.80","TCP","66","47802  >  443 [ACK] Seq=2967 Ack=225543 Win=2628 Len=0 TSval=11113162 TSecr=3596994643"
"454","112.227417","192.168.137.53","54.192.142.80","TCP","66","47802  >  443 [ACK] Seq=2967 Ack=228439 Win=2650 Len=0 TSval=11113162 TSecr=3596994643"
"455","112.227418","192.168.137.53","54.192.142.80","TCP","66","47802  >  443 [ACK] Seq=2967 Ack=231335 Win=2673 Len=0 TSval=11113162 TSecr=3596994643"
"456","112.228362","54.192.142.80","192.168.137.53","TLSv1.2","1514","Application Data, Application Data"
"457","112.228667","54.192.142.80","192.168.137.53","TCP","1514","443  >  47802 [ACK] Seq=238575 Ack=2967 Win=202 Len=1448 TSval=3596994644 TSecr=11113156 [TCP segment of a reassembled PDU]"
"458","112.228908","54.192.142.80","192.168.137.53","TCP","1514","443  >  47802 [ACK] Seq=240023 Ack=2967 Win=202 Len=1448 TSval=3596994644 TSecr=11113156 [TCP segment of a reassembled PDU]"
"459","112.229157","54.192.142.80","192.168.137.53","TCP","1514","443  >  47802 [ACK] Seq=241471 Ack=2967 Win=202 Len=1448 TSval=3596994644 TSecr=11113156 [TCP segment of a reassembled PDU]"
"460","112.229404","54.192.142.80","192.168.137.53","TCP","1514","443  >  47802 [ACK] Seq=242919 Ack=2967 Win=202 Len=1448 TSval=3596994644 TSecr=11113156 [TCP segment of a reassembled PDU]"
"461","112.229580","192.168.137.53","54.192.142.80","TCP","66","47802  >  443 [ACK] Seq=2967 Ack=234231 Win=2696 Len=0 TSval=11113163 TSecr=3596994644"
"462","112.229581","192.168.137.53","54.192.142.80","TCP","66","47802  >  443 [ACK] Seq=2967 Ack=237127 Win=2718 Len=0 TSval=11113163 TSecr=3596994644"
"463","112.230129","54.192.142.80","192.168.137.53","TCP","1514","443  >  47802 [ACK] Seq=244367 Ack=2967 Win=202 Len=1448 TSval=3596994644 TSecr=11113156 [TCP segment of a reassembled PDU]"
"464","112.230415","54.192.142.80","192.168.137.53","TCP","1514","443  >  47802 [ACK] Seq=245815 Ack=2967 Win=202 Len=1448 TSval=3596994644 TSecr=11113156 [TCP segment of a reassembled PDU]"
"465","112.230686","54.192.142.80","192.168.137.53","TCP","1514","443  >  47802 [ACK] Seq=247263 Ack=2967 Win=202 Len=1448 TSval=3596994644 TSecr=11113156 [TCP segment of a reassembled PDU]"
"466","112.231202","54.192.142.80","192.168.137.53","TCP","1514","443  >  47802 [ACK] Seq=248711 Ack=2967 Win=202 Len=1448 TSval=3596994644 TSecr=11113156 [TCP segment of a reassembled PDU]"
"467","112.231457","54.192.142.80","192.168.137.53","TCP","1514","443  >  47802 [ACK] Seq=250159 Ack=2967 Win=202 Len=1448 TSval=3596994644 TSecr=11113156 [TCP segment of a reassembled PDU]"
"468","112.231673","192.168.137.53","54.192.142.80","TCP","66","47802  >  443 [ACK] Seq=2967 Ack=240023 Win=2741 Len=0 TSval=11113164 TSecr=3596994644"
"469","112.232431","54.192.142.80","192.168.137.53","TCP","1514","443  >  47802 [ACK] Seq=251607 Ack=2967 Win=202 Len=1448 TSval=3596994644 TSecr=11113156 [TCP segment of a reassembled PDU]"
"470","112.232722","54.192.142.80","192.168.137.53","TLSv1.2","1514","Application Data [TCP segment of a reassembled PDU]"
"471","112.233643","54.192.142.80","192.168.137.53","TCP","1514","443  >  47802 [ACK] Seq=254503 Ack=2967 Win=202 Len=1448 TSval=3596994645 TSecr=11113156 [TCP segment of a reassembled PDU]"
"472","112.233939","54.192.142.80","192.168.137.53","TCP","1514","443  >  47802 [ACK] Seq=255951 Ack=2967 Win=202 Len=1448 TSval=3596994645 TSecr=11113156 [TCP segment of a reassembled PDU]"
"473","112.234064","192.168.137.53","54.192.142.80","TCP","66","47802  >  443 [ACK] Seq=2967 Ack=242919 Win=2764 Len=0 TSval=11113164 TSecr=3596994644"
"474","112.234065","192.168.137.53","54.192.142.80","TCP","66","47802  >  443 [ACK] Seq=2967 Ack=245815 Win=2786 Len=0 TSval=11113164 TSecr=3596994644"
"475","112.235500","192.168.137.53","54.192.142.80","TCP","66","47802  >  443 [ACK] Seq=2967 Ack=248711 Win=2809 Len=0 TSval=11113165 TSecr=3596994644"
"476","112.236033","54.192.142.80","192.168.137.53","TCP","1514","443  >  47802 [ACK] Seq=257399 Ack=2967 Win=202 Len=1448 TSval=3596994645 TSecr=11113156 [TCP segment of a reassembled PDU]"
"477","112.236428","54.192.142.80","192.168.137.53","TCP","1514","443  >  47802 [ACK] Seq=258847 Ack=2967 Win=202 Len=1448 TSval=3596994645 TSecr=11113156 [TCP segment of a reassembled PDU]"
"478","112.237019","54.192.142.80","192.168.137.53","TCP","1514","443  >  47802 [ACK] Seq=260295 Ack=2967 Win=202 Len=1448 TSval=3596994645 TSecr=11113161 [TCP segment of a reassembled PDU]"
"479","112.237292","54.192.142.80","192.168.137.53","TCP","1514","443  >  47802 [ACK] Seq=261743 Ack=2967 Win=202 Len=1448 TSval=3596994645 TSecr=11113161 [TCP segment of a reassembled PDU]"
"480","112.238320","54.192.142.80","192.168.137.53","TCP","1514","443  >  47802 [ACK] Seq=263191 Ack=2967 Win=202 Len=1448 TSval=3596994645 TSecr=11113161 [TCP segment of a reassembled PDU]"
"481","112.238724","54.192.142.80","192.168.137.53","TCP","1514","443  >  47802 [ACK] Seq=264639 Ack=2967 Win=202 Len=1448 TSval=3596994645 TSecr=11113161 [TCP segment of a reassembled PDU]"
"482","112.238957","192.168.137.53","54.192.142.80","TCP","66","47802  >  443 [ACK] Seq=2967 Ack=251607 Win=2831 Len=0 TSval=11113165 TSecr=3596994644"
"483","112.238958","192.168.137.53","54.192.142.80","TCP","66","47802  >  443 [ACK] Seq=2967 Ack=254503 Win=2854 Len=0 TSval=11113166 TSecr=3596994644"
"484","112.238959","192.168.137.53","54.192.142.80","TCP","66","47802  >  443 [ACK] Seq=2967 Ack=257399 Win=2877 Len=0 TSval=11113166 TSecr=3596994645"
"485","112.240395","54.192.142.80","192.168.137.53","TCP","1514","443  >  47802 [ACK] Seq=266087 Ack=2967 Win=202 Len=1448 TSval=3596994645 TSecr=11113162 [TCP segment of a reassembled PDU]"
"486","112.240822","54.192.142.80","192.168.137.53","TCP","1514","443  >  47802 [ACK] Seq=267535 Ack=2967 Win=202 Len=1448 TSval=3596994645 TSecr=11113162 [TCP segment of a reassembled PDU]"
"487","112.241165","192.168.137.53","54.192.142.80","TCP","66","47802  >  443 [ACK] Seq=2967 Ack=260295 Win=2899 Len=0 TSval=11113166 TSecr=3596994645"
"488","112.241734","54.192.142.80","192.168.137.53","TCP","1514","443  >  47802 [ACK] Seq=268983 Ack=2967 Win=202 Len=1448 TSval=3596994646 TSecr=11113162 [TCP segment of a reassembled PDU]"
"489","112.242008","54.192.142.80","192.168.137.53","TLSv1.2","1514","Application Data [TCP segment of a reassembled PDU]"
"490","112.242731","54.192.142.80","192.168.137.53","TLSv1.2","1514","Application Data, Application Data"
"491","112.243040","54.192.142.80","192.168.137.53","TCP","1514","443  >  47802 [ACK] Seq=273327 Ack=2967 Win=202 Len=1448 TSval=3596994646 TSecr=11113162 [TCP segment of a reassembled PDU]"
"492","112.243160","192.168.137.53","54.192.142.80","TCP","66","47802  >  443 [ACK] Seq=2967 Ack=263191 Win=2922 Len=0 TSval=11113167 TSecr=3596994645"
"493","112.243161","192.168.137.53","54.192.142.80","TCP","66","47802  >  443 [ACK] Seq=2967 Ack=266087 Win=2945 Len=0 TSval=11113167 TSecr=3596994645"
"494","112.244123","192.168.137.53","54.192.142.80","TCP","66","47802  >  443 [ACK] Seq=2967 Ack=268983 Win=2967 Len=0 TSval=11113167 TSecr=3596994645"
"495","112.245003","54.192.142.80","192.168.137.53","TCP","1514","443  >  47802 [ACK] Seq=274775 Ack=2967 Win=202 Len=1448 TSval=3596994646 TSecr=11113162 [TCP segment of a reassembled PDU]"
"496","112.245320","54.192.142.80","192.168.137.53","TCP","1514","443  >  47802 [ACK] Seq=276223 Ack=2967 Win=202 Len=1448 TSval=3596994646 TSecr=11113162 [TCP segment of a reassembled PDU]"
"497","112.245663","192.168.137.53","54.192.142.80","TCP","66","47802  >  443 [ACK] Seq=2967 Ack=271879 Win=2990 Len=0 TSval=11113168 TSecr=3596994646"
"498","112.245664","192.168.137.53","54.192.142.80","TCP","66","47802  >  443 [ACK] Seq=2967 Ack=274775 Win=3012 Len=0 TSval=11113168 TSecr=3596994646"
"499","112.247931","172.217.4.174","192.168.137.53","TLSv1.2","1484","Server Hello"
"500","112.248266","172.217.4.174","192.168.137.53","TCP","1484","443  >  49295 [ACK] Seq=1419 Ack=200 Win=43520 Len=1418 TSval=3341472362 TSecr=11113160 [TCP segment of a reassembled PDU]"
"501","112.248507","172.217.4.174","192.168.137.53","TLSv1.2","1484","Certificate [TCP segment of a reassembled PDU]"
"502","112.248741","172.217.4.174","192.168.137.53","TLSv1.2","184","Server Key Exchange, Server Hello Done"
"503","112.248911","192.168.137.53","54.192.142.80","TCP","66","47802  >  443 [ACK] Seq=2967 Ack=277671 Win=3035 Len=0 TSval=11113169 TSecr=3596994646"
"504","112.250258","54.192.142.80","192.168.137.53","TCP","1514","443  >  47802 [ACK] Seq=277671 Ack=2967 Win=202 Len=1448 TSval=3596994646 TSecr=11113163 [TCP segment of a reassembled PDU]"
"505","112.250616","54.192.142.80","192.168.137.53","TCP","1514","443  >  47802 [ACK] Seq=279119 Ack=2967 Win=202 Len=1448 TSval=3596994646 TSecr=11113163 [TCP segment of a reassembled PDU]"
"506","112.251070","54.192.142.80","192.168.137.53","TCP","1514","443  >  47802 [ACK] Seq=280567 Ack=2967 Win=202 Len=1448 TSval=3596994646 TSecr=11113163 [TCP segment of a reassembled PDU]"
"507","112.251327","54.192.142.80","192.168.137.53","TCP","1514","443  >  47802 [ACK] Seq=282015 Ack=2967 Win=202 Len=1448 TSval=3596994646 TSecr=11113163 [TCP segment of a reassembled PDU]"
"508","112.251591","192.168.137.53","172.217.4.174","TCP","66","49295  >  443 [ACK] Seq=200 Ack=1419 Win=90624 Len=0 TSval=11113170 TSecr=3341472362"
"509","112.251593","192.168.137.53","172.217.4.174","TCP","66","49295  >  443 [ACK] Seq=200 Ack=2837 Win=93440 Len=0 TSval=11113170 TSecr=3341472362"
"510","112.251593","192.168.137.53","172.217.4.174","TCP","66","49295  >  443 [ACK] Seq=200 Ack=4255 Win=96256 Len=0 TSval=11113170 TSecr=3341472362"
"511","112.251594","192.168.137.53","172.217.4.174","TCP","66","49295  >  443 [ACK] Seq=200 Ack=4373 Win=96256 Len=0 TSval=11113170 TSecr=3341472362"
"512","112.255123","54.192.142.80","192.168.137.53","TCP","1514","443  >  47802 [ACK] Seq=283463 Ack=2967 Win=202 Len=1448 TSval=3596994646 TSecr=11113164 [TCP segment of a reassembled PDU]"
"513","112.255476","54.192.142.80","192.168.137.53","TCP","1514","443  >  47802 [ACK] Seq=284911 Ack=2967 Win=202 Len=1448 TSval=3596994646 TSecr=11113164 [TCP segment of a reassembled PDU]"
"514","112.255784","54.192.142.80","192.168.137.53","TCP","1514","443  >  47802 [ACK] Seq=286359 Ack=2967 Win=202 Len=1448 TSval=3596994647 TSecr=11113164 [TCP segment of a reassembled PDU]"
"515","112.256026","54.192.142.80","192.168.137.53","TCP","1514","443  >  47802 [ACK] Seq=287807 Ack=2967 Win=202 Len=1448 TSval=3596994647 TSecr=11113164 [TCP segment of a reassembled PDU]"
"516","112.256261","192.168.137.53","54.192.142.80","TCP","66","47802  >  443 [ACK] Seq=2967 Ack=280567 Win=3058 Len=0 TSval=11113171 TSecr=3596994646"
"517","112.256262","192.168.137.53","54.192.142.80","TCP","66","47802  >  443 [ACK] Seq=2967 Ack=283463 Win=3080 Len=0 TSval=11113171 TSecr=3596994646"
"518","112.256783","54.192.142.80","192.168.137.53","TLSv1.2","1514","Application Data [TCP segment of a reassembled PDU]"
"519","112.257067","54.192.142.80","192.168.137.53","TCP","1514","443  >  47802 [ACK] Seq=290703 Ack=2967 Win=202 Len=1448 TSval=3596994647 TSecr=11113166 [TCP segment of a reassembled PDU]"
"520","112.257341","54.192.142.80","192.168.137.53","TCP","1514","443  >  47802 [ACK] Seq=292151 Ack=2967 Win=202 Len=1448 TSval=3596994647 TSecr=11113166 [TCP segment of a reassembled PDU]"
"521","112.257586","54.192.142.80","192.168.137.53","TCP","1514","443  >  47802 [ACK] Seq=293599 Ack=2967 Win=202 Len=1448 TSval=3596994647 TSecr=11113166 [TCP segment of a reassembled PDU]"
"522","112.257837","54.192.142.80","192.168.137.53","TCP","1514","443  >  47802 [ACK] Seq=295047 Ack=2967 Win=202 Len=1448 TSval=3596994647 TSecr=11113166 [TCP segment of a reassembled PDU]"
"523","112.258363","54.192.142.80","192.168.137.53","TCP","1514","443  >  47802 [ACK] Seq=296495 Ack=2967 Win=202 Len=1448 TSval=3596994647 TSecr=11113166 [TCP segment of a reassembled PDU]"
"524","112.258621","54.192.142.80","192.168.137.53","TCP","1514","443  >  47802 [ACK] Seq=297943 Ack=2967 Win=202 Len=1448 TSval=3596994647 TSecr=11113166 [TCP segment of a reassembled PDU]"
"525","112.259073","192.168.137.53","54.192.142.80","TCP","66","47802  >  443 [ACK] Seq=2967 Ack=286359 Win=3103 Len=0 TSval=11113172 TSecr=3596994646"
"526","112.259075","192.168.137.53","54.192.142.80","TCP","66","47802  >  443 [ACK] Seq=2967 Ack=289255 Win=3126 Len=0 TSval=11113172 TSecr=3596994647"
"527","112.260576","192.168.137.53","54.192.142.80","TCP","66","47802  >  443 [ACK] Seq=2967 Ack=292151 Win=3148 Len=0 TSval=11113172 TSecr=3596994647"
"528","112.260578","192.168.137.53","54.192.142.80","TCP","66","47802  >  443 [ACK] Seq=2967 Ack=295047 Win=3171 Len=0 TSval=11113172 TSecr=3596994647"
"529","112.260579","192.168.137.53","172.217.4.174","TLSv1.2","159","Client Key Exchange, Change Cipher Spec, Encrypted Handshake Message"
"530","112.262295","54.192.142.80","192.168.137.53","TCP","1514","443  >  47802 [ACK] Seq=299391 Ack=2967 Win=202 Len=1448 TSval=3596994647 TSecr=11113166 [TCP segment of a reassembled PDU]"
"531","112.262657","54.192.142.80","192.168.137.53","TCP","1514","443  >  47802 [ACK] Seq=300839 Ack=2967 Win=202 Len=1448 TSval=3596994647 TSecr=11113166 [TCP segment of a reassembled PDU]"
"532","112.262936","54.192.142.80","192.168.137.53","TCP","1514","443  >  47802 [ACK] Seq=302287 Ack=2967 Win=202 Len=1448 TSval=3596994647 TSecr=11113167 [TCP segment of a reassembled PDU]"
"533","112.263195","54.192.142.80","192.168.137.53","TCP","1514","443  >  47802 [ACK] Seq=303735 Ack=2967 Win=202 Len=1448 TSval=3596994647 TSecr=11113167 [TCP segment of a reassembled PDU]"
"534","112.263449","54.192.142.80","192.168.137.53","TLSv1.2","1514","Application Data [TCP segment of a reassembled PDU]"
"535","112.263692","54.192.142.80","192.168.137.53","TCP","1514","443  >  47802 [ACK] Seq=306631 Ack=2967 Win=202 Len=1448 TSval=3596994647 TSecr=11113168 [TCP segment of a reassembled PDU]"
"536","112.263960","54.192.142.80","192.168.137.53","TCP","1514","443  >  47802 [ACK] Seq=308079 Ack=2967 Win=202 Len=1448 TSval=3596994647 TSecr=11113168 [TCP segment of a reassembled PDU]"
"537","112.264208","54.192.142.80","192.168.137.53","TCP","1514","443  >  47802 [ACK] Seq=309527 Ack=2967 Win=202 Len=1448 TSval=3596994647 TSecr=11113168 [TCP segment of a reassembled PDU]"
"538","112.264439","192.168.137.53","54.192.142.80","TCP","66","47802  >  443 [ACK] Seq=2967 Ack=297943 Win=3193 Len=0 TSval=11113173 TSecr=3596994647"
"539","112.264723","172.217.4.174","192.168.137.53","TLSv1.2","350","New Session Ticket, Change Cipher Spec, Encrypted Handshake Message"
"540","112.264860","172.217.4.174","192.168.137.53","TLSv1.2","135","Application Data"
"541","112.265079","54.192.142.80","192.168.137.53","TCP","1514","443  >  47802 [ACK] Seq=310975 Ack=2967 Win=202 Len=1448 TSval=3596994648 TSecr=11113168 [TCP segment of a reassembled PDU]"
"542","112.265246","54.192.142.80","192.168.137.53","TLSv1.2","489","Application Data, Application Data"
"543","112.265842","192.168.137.53","54.192.142.80","TCP","66","47802  >  443 [ACK] Seq=2967 Ack=300839 Win=3216 Len=0 TSval=11113174 TSecr=3596994647"
"544","112.265843","192.168.137.53","54.192.142.80","TCP","66","47802  >  443 [ACK] Seq=2967 Ack=303735 Win=3239 Len=0 TSval=11113174 TSecr=3596994647"
"545","112.267501","192.168.137.53","54.192.142.80","TCP","66","47802  >  443 [ACK] Seq=2967 Ack=306631 Win=3261 Len=0 TSval=11113175 TSecr=3596994647"
"546","112.267502","192.168.137.53","54.192.142.80","TCP","66","47802  >  443 [ACK] Seq=2967 Ack=309527 Win=3284 Len=0 TSval=11113175 TSecr=3596994647"
"547","112.268927","192.168.137.53","54.192.142.80","TCP","66","47802  >  443 [ACK] Seq=2967 Ack=312423 Win=3307 Len=0 TSval=11113175 TSecr=3596994647"
"548","112.281865","172.217.4.174","192.168.137.53","TCP","135","[TCP Retransmission] 443  >  49295 [PSH, ACK] Seq=4657 Ack=293 Win=43520 Len=69 TSval=3341472397 TSecr=11113173"
"549","112.308139","192.168.137.53","54.192.142.80","TCP","66","47802  >  443 [ACK] Seq=2967 Ack=312846 Win=3307 Len=0 TSval=11113187 TSecr=3596994648"
"550","112.308141","192.168.137.53","172.217.4.174","TCP","66","49295  >  443 [ACK] Seq=293 Ack=4726 Win=99072 Len=0 TSval=11113187 TSecr=3341472380"
"551","112.309972","192.168.137.53","172.217.4.174","TCP","78","[TCP Dup ACK 550#1] 49295  >  443 [ACK] Seq=293 Ack=4726 Win=99072 Len=0 TSval=11113187 TSecr=3341472397 SLE=4657 SRE=4726"
"552","115.214705","192.168.137.53","54.198.167.174","TCP","89","49676  >  9339 [PSH, ACK] Seq=1459 Ack=808 Win=403 Len=23 TSval=11114035 TSecr=3390533000"
"553","115.287431","54.198.167.174","192.168.137.53","TCP","66","9339  >  49676 [ACK] Seq=808 Ack=1482 Win=227 Len=0 TSval=3390533971 TSecr=11114035"
"554","115.287786","54.198.167.174","192.168.137.53","TCP","89","9339  >  49676 [PSH, ACK] Seq=808 Ack=1482 Win=227 Len=23 TSval=3390533971 TSecr=11114035"
"555","115.553824","192.168.137.53","54.198.167.174","TCP","89","[TCP Spurious Retransmission] 49676  >  9339 [PSH, ACK] Seq=1459 Ack=808 Win=403 Len=23 TSval=11114160 TSecr=3390533000"
"556","115.555995","192.168.137.53","54.198.167.174","TCP","66","49676  >  9339 [ACK] Seq=1482 Ack=831 Win=403 Len=0 TSval=11114161 TSecr=3390533971"
"557","115.625606","54.198.167.174","192.168.137.53","TCP","78","[TCP Dup ACK 553#1] 9339  >  49676 [ACK] Seq=831 Ack=1482 Win=227 Len=0 TSval=3390534056 TSecr=11114160 SLE=1459 SRE=1482"
"558","116.247831","192.168.137.53","54.198.167.174","TCP","101","49676  >  9339 [PSH, ACK] Seq=1482 Ack=831 Win=403 Len=35 TSval=11114345 TSecr=3390533971"
"559","116.319231","54.198.167.174","192.168.137.53","TCP","66","9339  >  49676 [ACK] Seq=831 Ack=1517 Win=227 Len=0 TSval=3390534229 TSecr=11114345"
"560","120.209407","192.168.137.53","54.198.167.174","TCP","89","49676  >  9339 [PSH, ACK] Seq=1517 Ack=831 Win=403 Len=23 TSval=11115537 TSecr=3390534229"
"561","120.283565","54.198.167.174","192.168.137.53","TCP","66","9339  >  49676 [ACK] Seq=831 Ack=1540 Win=227 Len=0 TSval=3390535220 TSecr=11115537"
"562","120.283913","54.198.167.174","192.168.137.53","TCP","89","9339  >  49676 [PSH, ACK] Seq=831 Ack=1540 Win=227 Len=23 TSval=3390535220 TSecr=11115537"
"563","120.308562","192.168.137.53","54.198.167.174","TCP","66","49676  >  9339 [ACK] Seq=1540 Ack=854 Win=403 Len=0 TSval=11115587 TSecr=3390535220"
"564","121.256212","192.168.137.53","54.198.167.174","TCP","101","49676  >  9339 [PSH, ACK] Seq=1540 Ack=854 Win=403 Len=35 TSval=11115847 TSecr=3390535220"
"565","121.369048","54.198.167.174","192.168.137.53","TCP","66","9339  >  49676 [ACK] Seq=854 Ack=1575 Win=227 Len=0 TSval=3390535491 TSecr=11115847"
"566","123.524368","192.168.137.53","192.168.137.1","DNS","77","Standard query 0x1e84 A 0.de.pool.ntp.org"
"567","123.530529","192.168.137.1","192.168.137.53","DNS","515","Standard query response 0x1e84 A 0.de.pool.ntp.org A 176.9.1.211 A 78.46.253.198 A 138.68.126.106 A 85.10.240.253 NS e.ntpns.org NS b.ntpns.org NS d.ntpns.org NS f.ntpns.org NS c.ntpns.org NS g.ntpns.org NS a.ntpns.org NS i.ntpns.org NS h.ntpns.org A 207.171.17.42 AAAA 2620:101:d007::42 A 174.127.124.192 A 193.243.171.138 A 212.25.19.23 AAAA 2001:8e0:ffff:1::282 A 199.249.224.53 A 85.214.25.217 A 89.36.18.22 AAAA 2a00:14b0:4200:32e0::1e5 AAAA 2a01:238:426b:900:4535:f84f:5043:4854"
"568","124.664809","192.168.137.53","54.198.167.174","TCP","107","49676  >  9339 [PSH, ACK] Seq=1575 Ack=854 Win=403 Len=41 TSval=11116704 TSecr=3390535491"
"569","124.664811","192.168.137.53","54.198.167.174","TCP","107","[TCP Retransmission] 49676  >  9339 [PSH, ACK] Seq=1575 Ack=854 Win=403 Len=41 TSval=11116894 TSecr=3390535491"
"570","124.736141","54.198.167.174","192.168.137.53","TCP","66","9339  >  49676 [ACK] Seq=854 Ack=1616 Win=227 Len=0 TSval=3390536333 TSecr=11116704"
"571","124.736494","54.198.167.174","192.168.137.53","TCP","78","[TCP Dup ACK 570#1] 9339  >  49676 [ACK] Seq=854 Ack=1616 Win=227 Len=0 TSval=3390536333 TSecr=11116894 SLE=1575 SRE=1616"
"572","124.738336","54.198.167.174","192.168.137.53","TCP","1514","9339  >  49676 [ACK] Seq=854 Ack=1616 Win=227 Len=1448 TSval=3390536334 TSecr=11116894"
"573","124.738709","54.198.167.174","192.168.137.53","TCP","1514","9339  >  49676 [ACK] Seq=2302 Ack=1616 Win=227 Len=1448 TSval=3390536334 TSecr=11116894"
"574","124.739024","54.198.167.174","192.168.137.53","TCP","267","9339  >  49676 [PSH, ACK] Seq=3750 Ack=1616 Win=227 Len=201 TSval=3390536334 TSecr=11116894"
"575","124.814995","192.168.137.53","54.198.167.174","TCP","66","49676  >  9339 [ACK] Seq=1616 Ack=2302 Win=415 Len=0 TSval=11116939 TSecr=3390536334"
"576","124.814997","192.168.137.53","54.198.167.174","TCP","66","49676  >  9339 [ACK] Seq=1616 Ack=3750 Win=426 Len=0 TSval=11116939 TSecr=3390536334"
"577","124.814998","192.168.137.53","54.198.167.174","TCP","66","49676  >  9339 [ACK] Seq=1616 Ack=3951 Win=437 Len=0 TSval=11116939 TSecr=3390536334"
"578","125.030583","192.168.137.53","54.198.167.174","TCP","101","49676  >  9339 [PSH, ACK] Seq=1616 Ack=3951 Win=437 Len=35 TSval=11117003 TSecr=3390536334"
"579","125.141695","54.198.167.174","192.168.137.53","TCP","66","9339  >  49676 [ACK] Seq=3951 Ack=1651 Win=227 Len=0 TSval=3390536435 TSecr=11117003"
"580","125.153448","192.168.137.53","54.198.167.174","TCP","89","49676  >  9339 [PSH, ACK] Seq=1651 Ack=3951 Win=437 Len=23 TSval=11117039 TSecr=3390536334"
"581","125.226252","54.198.167.174","192.168.137.53","TCP","66","9339  >  49676 [ACK] Seq=3951 Ack=1674 Win=227 Len=0 TSval=3390536456 TSecr=11117039"
"582","125.226564","54.198.167.174","192.168.137.53","TCP","89","9339  >  49676 [PSH, ACK] Seq=3951 Ack=1674 Win=227 Len=23 TSval=3390536456 TSecr=11117039"
"583","125.326171","192.168.137.53","54.198.167.174","TCP","66","49676  >  9339 [ACK] Seq=1674 Ack=3974 Win=437 Len=0 TSval=11117092 TSecr=3390536456"
"584","126.979699","192.168.137.53","54.198.167.174","TCP","113","49676  >  9339 [PSH, ACK] Seq=1674 Ack=3974 Win=437 Len=47 TSval=11117564 TSecr=3390536456"
"585","127.089194","54.198.167.174","192.168.137.53","TCP","66","9339  >  49676 [ACK] Seq=3974 Ack=1721 Win=227 Len=0 TSval=3390536922 TSecr=11117564"
"586","127.991493","192.168.137.53","54.198.167.174","TCP","113","49676  >  9339 [PSH, ACK] Seq=1721 Ack=3974 Win=437 Len=47 TSval=11117869 TSecr=3390536922"
"587","128.062619","54.198.167.174","192.168.137.53","TCP","66","9339  >  49676 [ACK] Seq=3974 Ack=1768 Win=227 Len=0 TSval=3390537165 TSecr=11117869"
"588","130.237107","192.168.137.53","54.198.167.174","TCP","89","49676  >  9339 [PSH, ACK] Seq=1768 Ack=3974 Win=437 Len=23 TSval=11118541 TSecr=3390537165"
"589","130.309007","54.198.167.174","192.168.137.53","TCP","66","9339  >  49676 [ACK] Seq=3974 Ack=1791 Win=227 Len=0 TSval=3390537726 TSecr=11118541"
"590","130.309279","54.198.167.174","192.168.137.53","TCP","89","9339  >  49676 [PSH, ACK] Seq=3974 Ack=1791 Win=227 Len=23 TSval=3390537726 TSecr=11118541"
"591","130.344667","192.168.137.53","54.198.167.174","TCP","66","49676  >  9339 [ACK] Seq=1791 Ack=3997 Win=437 Len=0 TSval=11118598 TSecr=3390537726"
"592","131.261279","192.168.137.53","54.198.167.174","TCP","101","49676  >  9339 [PSH, ACK] Seq=1791 Ack=3997 Win=437 Len=35 TSval=11118846 TSecr=3390537726"
"593","131.373091","54.198.167.174","192.168.137.53","TCP","66","9339  >  49676 [ACK] Seq=3997 Ack=1826 Win=227 Len=0 TSval=3390537993 TSecr=11118846"
"594","135.252590","192.168.137.53","54.198.167.174","TCP","89","49676  >  9339 [PSH, ACK] Seq=1826 Ack=3997 Win=437 Len=23 TSval=11120044 TSecr=3390537993"
"595","135.325998","54.198.167.174","192.168.137.53","TCP","66","9339  >  49676 [ACK] Seq=3997 Ack=1849 Win=227 Len=0 TSval=3390538981 TSecr=11120044"
"596","135.326357","54.198.167.174","192.168.137.53","TCP","89","9339  >  49676 [PSH, ACK] Seq=3997 Ack=1849 Win=227 Len=23 TSval=3390538981 TSecr=11120044"
"597","135.361747","192.168.137.53","54.198.167.174","TCP","66","49676  >  9339 [ACK] Seq=1849 Ack=4020 Win=437 Len=0 TSval=11120103 TSecr=3390538981"
"598","136.265237","192.168.137.53","54.198.167.174","TCP","101","49676  >  9339 [PSH, ACK] Seq=1849 Ack=4020 Win=437 Len=35 TSval=11120351 TSecr=3390538981"
"599","136.372819","54.198.167.174","192.168.137.53","TCP","66","9339  >  49676 [ACK] Seq=4020 Ack=1884 Win=227 Len=0 TSval=3390539243 TSecr=11120351"
